job_id,job_title,company_name,location,job_description,detected_keywords,is_suspicious,suspicion_score,data_source,scraped_at,posted_date
e1b75116e53d598d46de2387ccfbce84,Associate Software Engineer,Koyili Hospital,"Cannanore, Kerala",,[],FALSE,0,indeed_scraped,2025-10-22T16:38:39.288826,22-10-2025
0919cfb3d583235fa84e3c4821c40b05,Software Tester Trainee,Skien Software Lab,"Thiruvananthapuram, Kerala",,[],FALSE,0,indeed_scraped,2025-10-22T16:38:39.361808,22-10-2025
b99834bc19bbad24580b3adfa04fb947,,,,,[],FALSE,0,indeed_scraped,2025-10-22T16:38:39.426229,22-10-2025
4b9d4269a49d8cb29cfd23b3149043d7,Social Media Marketing Intern / Trainee,Green Delight Innovation Private Limited,"Ganapathi, Coimbatore, Tamil Nadu",,[],FALSE,0,indeed_scraped,2025-10-22T16:38:39.491846,22-10-2025
947ab0638b6e0696e8611844ddfd2d1c,Management Trainee Intern,ATS,"Kochi, Kerala",,[],FALSE,0,indeed_scraped,2025-10-22T16:38:39.557838,22-10-2025
ddd2433e5f1ae1f393e3c9399041ca4d,Sales and Marketing Intern,Vita,"Barakpur, West Bengal",,[],FALSE,0,indeed_scraped,2025-10-22T16:38:39.645773,22-10-2025
67ba6bc8b8a77c9669c5049f8f48816f,Inside Sales Trainee,SEOAK INNOVATIONS,"Madhapur, Hyderabad, Telangana",,[],FALSE,0,indeed_scraped,2025-10-22T16:38:39.710952,22-10-2025
48fb0ce0606494e6af8977f87e1124c3,Graduate Management Trainee,KALAKAR INDIA,"Gachibowli, Hyderabad, Telangana",,[],FALSE,0,indeed_scraped,2025-10-22T16:38:39.776064,22-10-2025
1ab30b555c17632ccf9220bb71a43b32,Management Trainee – Digital Marketing & Sales,ADSTRA DIGITAL,"Calicut, Kerala",,[],FALSE,0,indeed_scraped,2025-10-22T16:38:39.842290,22-10-2025
f1c7dc53307660554157016a64ac01cd,Safety Intern,SISCO Energy Private Limited ( Formerly Acoustics...,"Tiruchchirappalli, Tamil Nadu",,[],FALSE,0,indeed_scraped,2025-10-22T16:38:39.911619,22-10-2025
8d9867f755147b6acab2e0d7533886d1,Student Dietitian/ junior dietitian,Healing Temple Dr Arhat homoeo Clinic,"Delhi, Delhi",,[],FALSE,0,indeed_scraped,2025-10-22T16:38:39.977221,22-10-2025
612dd8f0ca8863d52e20a0d17c0c8c22,Sales Trainee,Voicene Technologies LLP,"Kottayam, Kerala",,[],FALSE,0,indeed_scraped,2025-10-22T16:38:40.050252,22-10-2025
1fde26a78fa225e529c22acda5bd33b1,Site Engineer,KMG DEVELOPERS,"Cannanore, Kerala",,[],FALSE,0,indeed_scraped,2025-10-22T16:38:40.114618,22-10-2025
0fa96c790208de9e764dba9348580719,IN_Intern/Trainee,PwC,"Pune, Maharashtra",,[],FALSE,0,indeed_scraped,2025-10-23T22:00:40.151453,23-10-2025
f3092a3140f4a27a2224f477415140f6,Trainee Journalist,Global Newspaper Solutions,Remote,,[],FALSE,0,indeed_scraped,2025-10-23T22:00:40.251321,23-10-2025
b05795ecb2b0b595fac39adeee086c12,Software Developer / Trainee Engineer,Client of Mahavir Singh & Associates,"Rajpura, Punjab",,[],FALSE,0,indeed_scraped,2025-10-23T22:00:40.318919,23-10-2025
1b5bcbf31f508f9fff1417ea45dede93,Quality Check Executive,Virtual Interactive Solutionz Private Limited,Remote,,[],FALSE,0,indeed_scraped,2025-10-23T22:00:40.390134,23-10-2025
864405b54263d5c43c724e6b74569ae3,Management Trainee,SEOAK INNOVATIONS,"Madhapur, Hyderabad, Telangana",,[],FALSE,0,indeed_scraped,2025-10-23T22:00:40.459991,23-10-2025
53fe213e5fc5376ea6ad188572c7af14,Business Development & Sales Interns (Freshers),Altair Business Solutions Pvt Ltd,"Jayanagar, Bengaluru, Karnataka",,[],FALSE,0,indeed_scraped,2025-10-23T22:00:40.531065,23-10-2025
dd334b831a1594fa4470c3d6b218a50f,Accounts Trainee,Avant Edge Business Consulting Pvt Ltd,"Pune, Maharashtra",,[],FALSE,0,indeed_scraped,2025-10-23T22:00:40.608908,23-10-2025
7826086136a6f197818c000d427f9854,SEO Trainee,Dazonn Technologies Private Limited,"Zirakpur, Punjab",,[],FALSE,0,indeed_scraped,2025-10-23T22:00:40.721658,23-10-2025
4eacf80148c6b62a9f928991be43b8c9,Public Relation Trainee,Web CRS Travel Technologies Pvt Ltd,"Kochi, Kerala",,[],FALSE,0,indeed_scraped,2025-10-23T22:00:40.792930,23-10-2025
2e8ae3fd183621aab75f137765d21869,Clinical Research Training with Internship – Get Certified & Industry - Ready,SMOConnect Clinical Research Services Pvt Ltd,"T Nagar, Chennai, Tamil Nadu",,[],FALSE,0,indeed_scraped,2025-10-23T22:00:41.076352,23-10-2025
154303ceb73e4db08af84f7cfb22dcfd,Accountant Trainee,HALAJIN INTERIOS,"Pappanamcode, Thiruvananthapuram, Kerala",,[],FALSE,0,indeed_scraped,2025-10-23T22:00:41.157342,23-10-2025
4895ee37549aee6afbdbf52915e72cf4,Digital Marketing Editorial Specialist (Female),Softscholars Technologies,"Coimbatore, Tamil Nadu",,[],FALSE,0,indeed_scraped,2025-10-23T22:00:41.295357,23-10-2025
4d126424981097fb1cf10fb0cfcc08db,"Audit Trainee (M.com,Bcom-Fresher ) Candidates Preferred",Regi Tom Antony & Associates,"Kochi, Kerala",,[],FALSE,0,indeed_scraped,2025-10-23T22:01:19.545530,23-10-2025
523a93e96ec4523b3d5fa92eb3b3bec0,HR Fresher,HRBRO PLACEMENT SERVICES,"Hybrid work in Kochi, Kerala",,[],FALSE,0,indeed_scraped,2025-10-24T11:46:03.881869,24-10-2025
0186c9c3b656ebebc9958a1743b3b5d8,Social Media Trainee / Intern,GBIM,"Navi Mumbai, Maharashtra",,[],FALSE,0,indeed_scraped,2025-10-24T11:46:04.223312,24-10-2025
b20b9697ade31077686cd246a8da29e9,Inside Sales Intern (Freshers),Zoapi Innovations,"Bengaluru, Karnataka",,[],FALSE,0,indeed_scraped,2025-10-24T11:46:04.369352,24-10-2025
69c5b7c45832616a1607492ccefe50fd,Assistant Teacher – (Females Only) Montessori School (Trainee / Entry-Level),Mindful Montessori School,"Hyderabad, Telangana",,[],FALSE,0,indeed_scraped,2025-10-24T11:46:04.436403,24-10-2025
7402e54de9e074a5f713b208bf86e4bc,Lab Trainees,SBM HOSPITAL,"Kollam, Kerala",,[],FALSE,0,indeed_scraped,2025-10-24T11:46:04.615889,24-10-2025
00fd83238ca12f19c56a8cdcc2533ec0,Full Stack trainee,Elysium Academy,"Teni, Tamil Nadu",,[],FALSE,0,indeed_scraped,2025-10-24T15:08:16.898254,24-10-2025
95d20b21b398c4bb7452cd42f3506e35,Assistant Trainee Engineer,Aakrutii Technology,"Pune, Maharashtra",,[],FALSE,0,indeed_scraped,2025-10-24T15:08:17.153054,24-10-2025
3c7e21dff3448482a69a0af38529a5ae,Business Development Executive Trainee,HackerKernel,"Bhopal, Madhya Pradesh",,[],FALSE,0,indeed_scraped,2025-10-24T15:08:17.268318,24-10-2025
5bbe9c5fc00a4e99123b20da23b57f3e,React.js+Node.js Trainee,Hackerkernel,"Gandhi Nagar, Bhopal, Madhya Pradesh",,[],FALSE,0,indeed_scraped,2025-10-24T15:08:17.379931,24-10-2025
7d16c7efbbd1268e389cf2c64e7d93b6,Trainee Land Surveyor,Kamar&Associates,"Paropadi, Calicut, Kerala",,[],FALSE,0,indeed_scraped,2025-10-24T15:08:18.072365,24-10-2025
304d612cbfabb747d362691b2c928aab,Business Development Trainee,SEOAK INNOVATIONS,"Madhapur, Hyderabad, Telangana",,[],FALSE,0,indeed_scraped,2025-10-25T22:05:34.779771,25-10-2025
2360be482cf0c962004dcb59a741cee1,UI/UX Fresher Trainee Internship,BM Coder Technologies,"Ahmedabad, Gujarat",,[],FALSE,0,indeed_scraped,2025-10-25T22:05:34.854475,25-10-2025
7eea4a9afc95c5c45a1551dfdffea95b,Clinical Research Training with Internship - Get Certified & Industry - Ready,SMOConnect Clinical Research Services Pvt Ltd,"Udipi, Karnataka",,[],FALSE,0,indeed_scraped,2025-10-25T22:05:34.971261,25-10-2025
ce03c61d4981c4af9a9cb7c99d0613f6,"Hiring Freshers for Marketing and Management Trainee (Thane, Mumbai)",EROS Inc.,"Thane, Maharashtra",,[],FALSE,0,indeed_scraped,2025-10-25T22:05:35.039466,25-10-2025
2b45a6de1323c9f5e66a2590f8cf3c3d,Trainee,Invitro Biotech Labs,"Kukatpally, Hyderabad, Telangana",,[],FALSE,0,indeed_scraped,2025-10-25T22:05:35.104093,25-10-2025
dd0f1da3f1433c9da2d54499e8f63ba6,QA Trainee(Intern),Mxpertz,"Indore, Madhya Pradesh",,[],FALSE,0,indeed_scraped,2025-10-25T22:05:35.172995,25-10-2025
5f922dff4317efb0d07596483d4367bd,react native trainee internship,BM Coder Technologies,"Ahmedabad, Gujarat",,[],FALSE,0,indeed_scraped,2025-10-25T22:05:35.239253,25-10-2025
efb7d6b6752cb813c378bd4752e004d4,PHP Developer Trainee Internship,BM Coder Technologies,"Ahmedabad, Gujarat",,[],FALSE,0,indeed_scraped,2025-10-25T22:05:35.356851,25-10-2025
59d82f3fa59d76d1af1435baeef060ac,Service Advisor Trainee,POPULAR MEGA MOTORS (INDIA) PRIVATE LIMITED,"Vyttila, Kochi, Kerala",,[],FALSE,0,indeed_scraped,2025-10-25T22:05:35.611956,25-10-2025
665a6fc885d043d7149c0d02dda78d3d,logistics Germany,SPAARK OVERSEAS,"Noida, Uttar Pradesh",,[],FALSE,0,indeed_scraped,2025-10-25T22:05:35.689439,25-10-2025
e52c9945a4f31fdeec4a81cd7c54b3da,Management Trainee,EROS Inc.,"Thane, Maharashtra",,[],FALSE,0,indeed_scraped,2025-10-25T22:06:13.177579,25-10-2025
95d20b21b398c4bb7452cd42f3506e35,Assistant Trainee Engineer,Aakrutii Technology,"Pune, Maharashtra",No description available,[],FALSE,0,indeed_scraped,2025-10-25T22:43:44.329644,25-10-2025
304d612cbfabb747d362691b2c928aab,Business Development Trainee,SEOAK INNOVATIONS,"Madhapur, Hyderabad, Telangana",No description available,[],FALSE,0,indeed_scraped,2025-10-25T22:43:44.428327,25-10-2025
2360be482cf0c962004dcb59a741cee1,UI/UX Fresher Trainee Internship,BM Coder Technologies,"Ahmedabad, Gujarat",No description available,[],FALSE,0,indeed_scraped,2025-10-25T22:43:44.506969,25-10-2025
864405b54263d5c43c724e6b74569ae3,Management Trainee,SEOAK INNOVATIONS,"Madhapur, Hyderabad, Telangana",No description available,[],FALSE,0,indeed_scraped,2025-10-25T22:43:44.577737,25-10-2025
b99834bc19bbad24580b3adfa04fb947,,,,No description available,[],FALSE,0,indeed_scraped,2025-10-25T22:43:44.649359,25-10-2025
7eea4a9afc95c5c45a1551dfdffea95b,Clinical Research Training with Internship - Get Certified & Industry - Ready,SMOConnect Clinical Research Services Pvt Ltd,"Udipi, Karnataka",No description available,[],FALSE,0,indeed_scraped,2025-10-25T22:43:44.723174,25-10-2025
e52c9945a4f31fdeec4a81cd7c54b3da,Management Trainee,EROS Inc.,"Thane, Maharashtra",No description available,[],FALSE,0,indeed_scraped,2025-10-25T22:43:44.796738,25-10-2025
2b45a6de1323c9f5e66a2590f8cf3c3d,Trainee,Invitro Biotech Labs,"Kukatpally, Hyderabad, Telangana",No description available,[],FALSE,0,indeed_scraped,2025-10-25T22:43:44.879594,25-10-2025
dd0f1da3f1433c9da2d54499e8f63ba6,QA Trainee(Intern),Mxpertz,"Indore, Madhya Pradesh",No description available,[],FALSE,0,indeed_scraped,2025-10-25T22:43:44.957372,25-10-2025
5f922dff4317efb0d07596483d4367bd,react native trainee internship,BM Coder Technologies,"Ahmedabad, Gujarat",No description available,[],FALSE,0,indeed_scraped,2025-10-25T22:43:45.029979,25-10-2025
5bbe9c5fc00a4e99123b20da23b57f3e,React.js+Node.js Trainee,Hackerkernel,"Gandhi Nagar, Bhopal, Madhya Pradesh",No description available,[],FALSE,0,indeed_scraped,2025-10-25T22:43:45.114868,25-10-2025
efb7d6b6752cb813c378bd4752e004d4,PHP Developer Trainee Internship,BM Coder Technologies,"Ahmedabad, Gujarat",No description available,[],FALSE,0,indeed_scraped,2025-10-25T22:43:45.228773,25-10-2025
00fd83238ca12f19c56a8cdcc2533ec0,Full Stack trainee,Elysium Academy,"Teni, Tamil Nadu",No description available,[],FALSE,0,indeed_scraped,2025-10-25T22:43:45.302048,25-10-2025
5bbe9c5fc00a4e99123b20da23b57f3e,React.js+Node.js Trainee,HackerKernel,"Bhopal, Madhya Pradesh",No description available,[],FALSE,0,indeed_scraped,2025-10-25T22:43:45.380531,25-10-2025
59d82f3fa59d76d1af1435baeef060ac,Service Advisor Trainee,POPULAR MEGA MOTORS (INDIA) PRIVATE LIMITED,"Vyttila, Kochi, Kerala",No description available,[],FALSE,0,indeed_scraped,2025-10-25T22:43:45.453656,25-10-2025
665a6fc885d043d7149c0d02dda78d3d,logistics Germany,SPAARK OVERSEAS,"Noida, Uttar Pradesh",No description available,[],FALSE,0,indeed_scraped,2025-10-25T22:43:45.525803,25-10-2025
95d20b21b398c4bb7452cd42f3506e35,Assistant Trainee Engineer,Aakrutii Technology,"Pune, Maharashtra","Assistant Trainee Engineer
Aakrutii Technology
Pune, Maharashtra
₹8,000 - ₹15,000 a month
Full-time
+1",[],FALSE,0,indeed_scraped,2025-10-25T22:53:40.500134,25-10-2025
304d612cbfabb747d362691b2c928aab,Business Development Trainee,SEOAK INNOVATIONS,"Madhapur, Hyderabad, Telangana","Business Development Trainee
SEOAK INNOVATIONS
Madhapur, Hyderabad, Telangana
₹4,60,830.46 - ₹6,49,536.76 a year
Full-time
+2
Health insurance
Paid time off
Paid sick time
Cell phone reimbursement",[],FALSE,0,indeed_scraped,2025-10-25T22:53:40.607387,25-10-2025
2360be482cf0c962004dcb59a741cee1,UI/UX Fresher Trainee Internship,BM Coder Technologies,"Ahmedabad, Gujarat","UI/UX Fresher Trainee Internship
BM Coder Technologies
Ahmedabad, Gujarat
₹5,000 - ₹15,000 a month
Full-time
+5",[],FALSE,0,indeed_scraped,2025-10-25T22:53:40.710633,25-10-2025
864405b54263d5c43c724e6b74569ae3,Management Trainee,SEOAK INNOVATIONS,"Madhapur, Hyderabad, Telangana","Management Trainee
SEOAK INNOVATIONS
Madhapur, Hyderabad, Telangana
₹4,00,000 - ₹6,00,000 a year
Full-time
+2
Health insurance
Paid time off
Paid sick time
Cell phone reimbursement",[],FALSE,0,indeed_scraped,2025-10-25T22:53:40.819636,25-10-2025
7eea4a9afc95c5c45a1551dfdffea95b,Clinical Research Training with Internship - Get Certified & Industry - Ready,SMOConnect Clinical Research Services Pvt Ltd,"Udipi, Karnataka","Clinical Research Training with Internship - Get Certified & Industry - Ready
SMOConnect Clinical Research Services Pvt Ltd
Udipi, Karnataka
From ₹5,000 a month
Full-time
+2",[],FALSE,0,indeed_scraped,2025-10-25T22:53:40.926314,25-10-2025
2b45a6de1323c9f5e66a2590f8cf3c3d,Trainee,Invitro Biotech Labs,"Kukatpally, Hyderabad, Telangana","Trainee
Invitro Biotech Labs
Kukatpally, Hyderabad, Telangana
From ₹2,00,000 a year
Full-time
+2",[],FALSE,0,indeed_scraped,2025-10-25T22:53:41.032880,25-10-2025
dd0f1da3f1433c9da2d54499e8f63ba6,QA Trainee(Intern),Mxpertz,"Indore, Madhya Pradesh","QA Trainee(Intern)
Mxpertz
Indore, Madhya Pradesh
₹5,000 - ₹9,000 a month
Full-time
+2",[],FALSE,0,indeed_scraped,2025-10-25T22:53:41.146273,25-10-2025
ce03c61d4981c4af9a9cb7c99d0613f6,"Hiring Freshers for Marketing and Management Trainee (Thane, Mumbai)",EROS Inc.,"Thane, Maharashtra","Hiring Freshers for Marketing and Management Trainee (Thane, Mumbai)
EROS Inc.
Thane, Maharashtra
₹20,000 - ₹30,000 a month
Full-time
+5
Health insurance
Provident Fund",[],FALSE,0,indeed_scraped,2025-10-25T22:53:41.248550,25-10-2025
5f922dff4317efb0d07596483d4367bd,react native trainee internship,BM Coder Technologies,"Ahmedabad, Gujarat","react native trainee internship
BM Coder Technologies
Ahmedabad, Gujarat
₹5,000 - ₹15,000 a month
Full-time
+2",[],FALSE,0,indeed_scraped,2025-10-25T22:53:41.364358,25-10-2025
5bbe9c5fc00a4e99123b20da23b57f3e,React.js+Node.js Trainee,Hackerkernel,"Gandhi Nagar, Bhopal, Madhya Pradesh","React.js+Node.js Trainee
Hackerkernel
Gandhi Nagar, Bhopal, Madhya Pradesh
₹7,500 - ₹8,000 a month
Internship",[],FALSE,0,indeed_scraped,2025-10-25T22:53:41.467399,25-10-2025
efb7d6b6752cb813c378bd4752e004d4,PHP Developer Trainee Internship,BM Coder Technologies,"Ahmedabad, Gujarat","PHP Developer Trainee Internship
BM Coder Technologies
Ahmedabad, Gujarat
Full-time
+5",[],FALSE,0,indeed_scraped,2025-10-25T22:53:41.568782,25-10-2025
b99834bc19bbad24580b3adfa04fb947,,,,No description available,[],FALSE,0,indeed_scraped,2025-10-25T22:53:41.670276,25-10-2025
00fd83238ca12f19c56a8cdcc2533ec0,Full Stack trainee,Elysium Academy,"Teni, Tamil Nadu","Full Stack trainee
Elysium Academy
Teni, Tamil Nadu
₹15,000 - ₹60,000 a month
Fresher",[],FALSE,0,indeed_scraped,2025-10-25T22:53:41.773226,25-10-2025
5bbe9c5fc00a4e99123b20da23b57f3e,React.js+Node.js Trainee,HackerKernel,"Bhopal, Madhya Pradesh","React.js+Node.js Trainee
HackerKernel
Bhopal, Madhya Pradesh
Internship",[],FALSE,0,indeed_scraped,2025-10-25T22:53:41.870109,25-10-2025
59d82f3fa59d76d1af1435baeef060ac,Service Advisor Trainee,POPULAR MEGA MOTORS (INDIA) PRIVATE LIMITED,"Vyttila, Kochi, Kerala","Service Advisor Trainee
POPULAR MEGA MOTORS (INDIA) PRIVATE LIMITED
Vyttila, Kochi, Kerala
₹15,000 - ₹18,000 a month
Full-time
+2
Food provided
Health insurance
Paid sick time
Life insurance
Leave encashment",[],FALSE,0,indeed_scraped,2025-10-25T22:53:41.968718,25-10-2025
665a6fc885d043d7149c0d02dda78d3d,logistics Germany,SPAARK OVERSEAS,"Noida, Uttar Pradesh","logistics Germany
SPAARK OVERSEAS
Noida, Uttar Pradesh
Typically responds within 4 days
₹1,10,000 - ₹2,80,000 a month
Part-time
+2
Paid time off
Paid sick time
Leave encashment",[],FALSE,0,indeed_scraped,2025-10-25T22:53:42.082563,25-10-2025
304d612cbfabb747d362691b2c928aab,Business Development Trainee,SEOAK INNOVATIONS,"Madhapur, Hyderabad, Telangana","Business Development Trainee
SEOAK INNOVATIONS
Madhapur, Hyderabad, Telangana
₹4,60,830.46 - ₹6,49,536.76 a year
Full-time
+2
Health insurance
Paid time off
Paid sick time
Cell phone reimbursement",[],FALSE,0,indeed_scraped,2025-10-25T22:54:47.985199,25-10-2025
2360be482cf0c962004dcb59a741cee1,UI/UX Fresher Trainee Internship,BM Coder Technologies,"Ahmedabad, Gujarat","UI/UX Fresher Trainee Internship
BM Coder Technologies
Ahmedabad, Gujarat
₹5,000 - ₹15,000 a month
Full-time
+5",[],FALSE,0,indeed_scraped,2025-10-25T22:54:48.119835,25-10-2025
864405b54263d5c43c724e6b74569ae3,Management Trainee,SEOAK INNOVATIONS,"Madhapur, Hyderabad, Telangana","Management Trainee
SEOAK INNOVATIONS
Madhapur, Hyderabad, Telangana
₹4,00,000 - ₹6,00,000 a year
Full-time
+2
Health insurance
Paid time off
Paid sick time
Cell phone reimbursement",[],FALSE,0,indeed_scraped,2025-10-25T22:54:48.218773,25-10-2025
7eea4a9afc95c5c45a1551dfdffea95b,Clinical Research Training with Internship - Get Certified & Industry - Ready,SMOConnect Clinical Research Services Pvt Ltd,"Udipi, Karnataka","Clinical Research Training with Internship - Get Certified & Industry - Ready
SMOConnect Clinical Research Services Pvt Ltd
Udipi, Karnataka
From ₹5,000 a month
Full-time
+2",[],FALSE,0,indeed_scraped,2025-10-25T22:54:48.324464,25-10-2025
95d20b21b398c4bb7452cd42f3506e35,Assistant Trainee Engineer,Aakrutii Technology,"Pune, Maharashtra","Assistant Trainee Engineer
Aakrutii Technology
Pune, Maharashtra
₹8,000 - ₹15,000 a month
Full-time
+1",[],FALSE,0,indeed_scraped,2025-10-25T22:54:48.435104,25-10-2025
2b45a6de1323c9f5e66a2590f8cf3c3d,Trainee,Invitro Biotech Labs,"Kukatpally, Hyderabad, Telangana","Trainee
Invitro Biotech Labs
Kukatpally, Hyderabad, Telangana
From ₹2,00,000 a year
Full-time
+2",[],FALSE,0,indeed_scraped,2025-10-25T22:54:48.544029,25-10-2025
dd0f1da3f1433c9da2d54499e8f63ba6,QA Trainee(Intern),Mxpertz,"Indore, Madhya Pradesh","QA Trainee(Intern)
Mxpertz
Indore, Madhya Pradesh
₹5,000 - ₹9,000 a month
Full-time
+2",[],FALSE,0,indeed_scraped,2025-10-25T22:54:48.657383,25-10-2025
5f922dff4317efb0d07596483d4367bd,react native trainee internship,BM Coder Technologies,"Ahmedabad, Gujarat","react native trainee internship
BM Coder Technologies
Ahmedabad, Gujarat
₹5,000 - ₹15,000 a month
Full-time
+2",[],FALSE,0,indeed_scraped,2025-10-25T22:54:48.767648,25-10-2025
ce03c61d4981c4af9a9cb7c99d0613f6,"Hiring Freshers for Marketing and Management Trainee (Thane, Mumbai)",EROS Inc.,"Thane, Maharashtra","Hiring Freshers for Marketing and Management Trainee (Thane, Mumbai)
EROS Inc.
Thane, Maharashtra
₹20,000 - ₹30,000 a month
Full-time
+5
Health insurance
Provident Fund",[],FALSE,0,indeed_scraped,2025-10-25T22:54:48.882494,25-10-2025
5bbe9c5fc00a4e99123b20da23b57f3e,React.js+Node.js Trainee,Hackerkernel,"Gandhi Nagar, Bhopal, Madhya Pradesh","React.js+Node.js Trainee
Hackerkernel
Gandhi Nagar, Bhopal, Madhya Pradesh
₹7,500 - ₹8,000 a month
Internship",[],FALSE,0,indeed_scraped,2025-10-25T22:54:49.006624,25-10-2025
b99834bc19bbad24580b3adfa04fb947,,,,No description available,[],FALSE,0,indeed_scraped,2025-10-25T22:54:49.102385,25-10-2025
efb7d6b6752cb813c378bd4752e004d4,PHP Developer Trainee Internship,BM Coder Technologies,"Ahmedabad, Gujarat","PHP Developer Trainee Internship
BM Coder Technologies
Ahmedabad, Gujarat
Full-time
+5",[],FALSE,0,indeed_scraped,2025-10-25T22:54:49.215190,25-10-2025
00fd83238ca12f19c56a8cdcc2533ec0,Full Stack trainee,Elysium Academy,"Teni, Tamil Nadu","Full Stack trainee
Elysium Academy
Teni, Tamil Nadu
₹15,000 - ₹60,000 a month
Fresher",[],FALSE,0,indeed_scraped,2025-10-25T22:54:49.333922,25-10-2025
665a6fc885d043d7149c0d02dda78d3d,logistics Germany,SPAARK OVERSEAS,"Noida, Uttar Pradesh","logistics Germany
SPAARK OVERSEAS
Noida, Uttar Pradesh
Typically responds within 4 days
₹1,10,000 - ₹2,80,000 a month
Part-time
+2
Paid time off
Paid sick time
Leave encashment",[],FALSE,0,indeed_scraped,2025-10-25T22:54:49.447171,25-10-2025
5bbe9c5fc00a4e99123b20da23b57f3e,React.js+Node.js Trainee,HackerKernel,"Bhopal, Madhya Pradesh","React.js+Node.js Trainee
HackerKernel
Bhopal, Madhya Pradesh
Internship",[],FALSE,0,indeed_scraped,2025-10-25T22:54:49.560126,25-10-2025
59d82f3fa59d76d1af1435baeef060ac,Service Advisor Trainee,POPULAR MEGA MOTORS (INDIA) PRIVATE LIMITED,"Vyttila, Kochi, Kerala","Service Advisor Trainee
POPULAR MEGA MOTORS (INDIA) PRIVATE LIMITED
Vyttila, Kochi, Kerala
₹15,000 - ₹18,000 a month
Full-time
+2
Food provided
Health insurance
Paid sick time
Life insurance
Leave encashment",[],FALSE,0,indeed_scraped,2025-10-25T22:54:49.674767,25-10-2025
2360be482cf0c962004dcb59a741cee1,UI/UX Fresher Trainee Internship,BM Coder Technologies,"Ahmedabad, Gujarat","UI/UX Fresher Trainee Internship
BM Coder Technologies
Ahmedabad, Gujarat
₹5,000 - ₹15,000 a month
Full-time
+5",[],FALSE,0,indeed_scraped,2025-10-25T22:55:55.529182,25-10-2025
5f922dff4317efb0d07596483d4367bd,react native trainee internship,BM Coder Technologies,"Ahmedabad, Gujarat","react native trainee internship
BM Coder Technologies
Ahmedabad, Gujarat
₹5,000 - ₹15,000 a month
Full-time
+2",[],FALSE,0,indeed_scraped,2025-10-25T22:55:55.629809,25-10-2025
dd0f1da3f1433c9da2d54499e8f63ba6,QA Trainee(Intern),Mxpertz,"Indore, Madhya Pradesh","QA Trainee(Intern)
Mxpertz
Indore, Madhya Pradesh
₹5,000 - ₹9,000 a month
Full-time
+2",[],FALSE,0,indeed_scraped,2025-10-25T22:55:55.731416,25-10-2025
2b45a6de1323c9f5e66a2590f8cf3c3d,Trainee,Invitro Biotech Labs,"Kukatpally, Hyderabad, Telangana","Trainee
Invitro Biotech Labs
Kukatpally, Hyderabad, Telangana
From ₹2,00,000 a year
Full-time
+2",[],FALSE,0,indeed_scraped,2025-10-25T22:55:55.848737,25-10-2025
efb7d6b6752cb813c378bd4752e004d4,PHP Developer Trainee Internship,BM Coder Technologies,"Ahmedabad, Gujarat","PHP Developer Trainee Internship
BM Coder Technologies
Ahmedabad, Gujarat
Full-time
+5",[],FALSE,0,indeed_scraped,2025-10-25T22:55:55.944834,25-10-2025
95d20b21b398c4bb7452cd42f3506e35,Assistant Trainee Engineer,Aakrutii Technology,"Pune, Maharashtra","Assistant Trainee Engineer
Aakrutii Technology
Pune, Maharashtra
₹8,000 - ₹15,000 a month
Full-time
+1",[],FALSE,0,indeed_scraped,2025-10-25T22:55:56.053276,25-10-2025
304d612cbfabb747d362691b2c928aab,Business Development Trainee,SEOAK INNOVATIONS,"Madhapur, Hyderabad, Telangana","Business Development Trainee
SEOAK INNOVATIONS
Madhapur, Hyderabad, Telangana
₹4,60,830.46 - ₹6,49,536.76 a year
Full-time
+2
Health insurance
Paid time off
Paid sick time
Cell phone reimbursement",[],FALSE,0,indeed_scraped,2025-10-25T22:55:56.156164,25-10-2025
864405b54263d5c43c724e6b74569ae3,Management Trainee,SEOAK INNOVATIONS,"Madhapur, Hyderabad, Telangana","Management Trainee
SEOAK INNOVATIONS
Madhapur, Hyderabad, Telangana
₹4,00,000 - ₹6,00,000 a year
Full-time
+2
Health insurance
Paid time off
Paid sick time
Cell phone reimbursement",[],FALSE,0,indeed_scraped,2025-10-25T22:55:56.265133,25-10-2025
ce03c61d4981c4af9a9cb7c99d0613f6,"Hiring Freshers for Marketing and Management Trainee (Thane, Mumbai)",EROS Inc.,"Thane, Maharashtra","Hiring Freshers for Marketing and Management Trainee (Thane, Mumbai)
EROS Inc.
Thane, Maharashtra
₹20,000 - ₹30,000 a month
Full-time
+5
Health insurance
Provident Fund",[],FALSE,0,indeed_scraped,2025-10-25T22:55:56.372292,25-10-2025
00fd83238ca12f19c56a8cdcc2533ec0,Full Stack trainee,Elysium Academy,"Teni, Tamil Nadu","Full Stack trainee
Elysium Academy
Teni, Tamil Nadu
₹15,000 - ₹60,000 a month
Fresher",[],FALSE,0,indeed_scraped,2025-10-25T22:55:56.479982,25-10-2025
5bbe9c5fc00a4e99123b20da23b57f3e,React.js+Node.js Trainee,Hackerkernel,"Gandhi Nagar, Bhopal, Madhya Pradesh","React.js+Node.js Trainee
Hackerkernel
Gandhi Nagar, Bhopal, Madhya Pradesh
₹7,500 - ₹8,000 a month
Internship",[],FALSE,0,indeed_scraped,2025-10-25T22:55:56.586514,25-10-2025
b99834bc19bbad24580b3adfa04fb947,,,,No description available,[],FALSE,0,indeed_scraped,2025-10-25T22:55:56.705224,25-10-2025
e9c9126235f713a6cc410b0f2bb22e84,Apprentice Trainee,Motorola Solutions,"Gurugram, Haryana","Apprentice Trainee
Motorola Solutions
Gurugram, Haryana
Full-time",[],FALSE,0,indeed_scraped,2025-10-25T22:55:56.847672,25-10-2025
7eea4a9afc95c5c45a1551dfdffea95b,Clinical Research Training with Internship - Get Certified & Industry - Ready,SMOConnect Clinical Research Services Pvt Ltd,"Udipi, Karnataka","Clinical Research Training with Internship - Get Certified & Industry - Ready
SMOConnect Clinical Research Services Pvt Ltd
Udipi, Karnataka
From ₹5,000 a month
Full-time
+2",[],FALSE,0,indeed_scraped,2025-10-25T22:55:56.951370,25-10-2025
5bbe9c5fc00a4e99123b20da23b57f3e,React.js+Node.js Trainee,HackerKernel,"Bhopal, Madhya Pradesh","React.js+Node.js Trainee
HackerKernel
Bhopal, Madhya Pradesh
Internship",[],FALSE,0,indeed_scraped,2025-10-25T22:55:57.058891,25-10-2025
cbd4aacd36a06bf83b944b2340ef28eb,Trainee,AMIT ARTS,"Mohali, Punjab","Trainee
AMIT ARTS
Mohali, Punjab
₹12,000 - ₹25,000 a month
Full-time
+3
Food provided
Health insurance
Provident Fund",[],FALSE,0,indeed_scraped,2025-10-25T22:55:57.173421,25-10-2025
95d20b21b398c4bb7452cd42f3506e35,Assistant Trainee Engineer,Aakrutii Technology,"Pune, Maharashtra","Assistant Trainee Engineer
Aakrutii Technology
Pune, Maharashtra
₹8,000 - ₹15,000 a month
Full-time
+1",[],FALSE,0,indeed_scraped,2025-10-25T23:29:59.483601,25-10-2025
304d612cbfabb747d362691b2c928aab,Business Development Trainee,SEOAK INNOVATIONS,"Madhapur, Hyderabad, Telangana","Business Development Trainee
SEOAK INNOVATIONS
Madhapur, Hyderabad, Telangana
₹4,60,830.46 - ₹6,49,536.76 a year
Full-time
+2
Health insurance
Paid time off
Paid sick time
Cell phone reimbursement",[],FALSE,0,indeed_scraped,2025-10-25T23:29:59.600916,25-10-2025
2360be482cf0c962004dcb59a741cee1,UI/UX Fresher Trainee Internship,BM Coder Technologies,"Ahmedabad, Gujarat","UI/UX Fresher Trainee Internship
BM Coder Technologies
Ahmedabad, Gujarat
₹5,000 - ₹15,000 a month
Full-time
+5",[],FALSE,0,indeed_scraped,2025-10-25T23:29:59.703781,25-10-2025
864405b54263d5c43c724e6b74569ae3,Management Trainee,SEOAK INNOVATIONS,"Madhapur, Hyderabad, Telangana","Management Trainee
SEOAK INNOVATIONS
Madhapur, Hyderabad, Telangana
₹4,00,000 - ₹6,00,000 a year
Full-time
+2
Health insurance
Paid time off
Paid sick time
Cell phone reimbursement",[],FALSE,0,indeed_scraped,2025-10-25T23:29:59.811931,25-10-2025
7eea4a9afc95c5c45a1551dfdffea95b,Clinical Research Training with Internship - Get Certified & Industry - Ready,SMOConnect Clinical Research Services Pvt Ltd,"Udipi, Karnataka","Clinical Research Training with Internship - Get Certified & Industry - Ready
SMOConnect Clinical Research Services Pvt Ltd
Udipi, Karnataka
From ₹5,000 a month
Full-time
+2",[],FALSE,0,indeed_scraped,2025-10-25T23:29:59.918271,25-10-2025
2b45a6de1323c9f5e66a2590f8cf3c3d,Trainee,Invitro Biotech Labs,"Kukatpally, Hyderabad, Telangana","Trainee
Invitro Biotech Labs
Kukatpally, Hyderabad, Telangana
From ₹2,00,000 a year
Full-time
+2",[],FALSE,0,indeed_scraped,2025-10-25T23:30:00.021640,25-10-2025
dd0f1da3f1433c9da2d54499e8f63ba6,QA Trainee(Intern),Mxpertz,"Indore, Madhya Pradesh","QA Trainee(Intern)
Mxpertz
Indore, Madhya Pradesh
₹5,000 - ₹9,000 a month
Full-time
+2",[],FALSE,0,indeed_scraped,2025-10-25T23:30:00.116374,25-10-2025
ce03c61d4981c4af9a9cb7c99d0613f6,"Hiring Freshers for Marketing and Management Trainee (Thane, Mumbai)",EROS Inc.,"Thane, Maharashtra","Hiring Freshers for Marketing and Management Trainee (Thane, Mumbai)
EROS Inc.
Thane, Maharashtra
₹20,000 - ₹30,000 a month
Full-time
+5
Health insurance
Provident Fund",[],FALSE,0,indeed_scraped,2025-10-25T23:30:00.217195,25-10-2025
5f922dff4317efb0d07596483d4367bd,react native trainee internship,BM Coder Technologies,"Ahmedabad, Gujarat","react native trainee internship
BM Coder Technologies
Ahmedabad, Gujarat
₹5,000 - ₹15,000 a month
Full-time
+2",[],FALSE,0,indeed_scraped,2025-10-25T23:30:00.313847,25-10-2025
5bbe9c5fc00a4e99123b20da23b57f3e,React.js+Node.js Trainee,Hackerkernel,"Gandhi Nagar, Bhopal, Madhya Pradesh","React.js+Node.js Trainee
Hackerkernel
Gandhi Nagar, Bhopal, Madhya Pradesh
₹7,500 - ₹8,000 a month
Internship",[],FALSE,0,indeed_scraped,2025-10-25T23:30:00.412989,25-10-2025
efb7d6b6752cb813c378bd4752e004d4,PHP Developer Trainee Internship,BM Coder Technologies,"Ahmedabad, Gujarat","PHP Developer Trainee Internship
BM Coder Technologies
Ahmedabad, Gujarat
Full-time
+5",[],FALSE,0,indeed_scraped,2025-10-25T23:30:00.511299,25-10-2025
b99834bc19bbad24580b3adfa04fb947,,,,No description available,[],FALSE,0,indeed_scraped,2025-10-25T23:30:00.612187,25-10-2025
00fd83238ca12f19c56a8cdcc2533ec0,Full Stack trainee,Elysium Academy,"Teni, Tamil Nadu","Full Stack trainee
Elysium Academy
Teni, Tamil Nadu
₹15,000 - ₹60,000 a month
Fresher",[],FALSE,0,indeed_scraped,2025-10-25T23:30:00.704877,25-10-2025
5bbe9c5fc00a4e99123b20da23b57f3e,React.js+Node.js Trainee,HackerKernel,"Bhopal, Madhya Pradesh","React.js+Node.js Trainee
HackerKernel
Bhopal, Madhya Pradesh
Internship",[],FALSE,0,indeed_scraped,2025-10-25T23:30:00.805568,25-10-2025
59d82f3fa59d76d1af1435baeef060ac,Service Advisor Trainee,POPULAR MEGA MOTORS (INDIA) PRIVATE LIMITED,"Vyttila, Kochi, Kerala","Service Advisor Trainee
POPULAR MEGA MOTORS (INDIA) PRIVATE LIMITED
Vyttila, Kochi, Kerala
₹15,000 - ₹18,000 a month
Full-time
+2
Food provided
Health insurance
Paid sick time
Life insurance
Leave encashment",[],FALSE,0,indeed_scraped,2025-10-25T23:30:00.905027,25-10-2025
665a6fc885d043d7149c0d02dda78d3d,logistics Germany,SPAARK OVERSEAS,"Noida, Uttar Pradesh","logistics Germany
SPAARK OVERSEAS
Noida, Uttar Pradesh
Typically responds within 4 days
₹1,10,000 - ₹2,80,000 a month
Part-time
+2
Paid time off
Paid sick time
Leave encashment",[],FALSE,0,indeed_scraped,2025-10-25T23:30:01.009153,25-10-2025
304d612cbfabb747d362691b2c928aab,Business Development Trainee,SEOAK INNOVATIONS,"Madhapur, Hyderabad, Telangana","Business Development Trainee
SEOAK INNOVATIONS
Madhapur, Hyderabad, Telangana
₹4,60,830.46 - ₹6,49,536.76 a year
Full-time
+2
Health insurance
Paid time off
Paid sick time
Cell phone reimbursement",[],FALSE,0,indeed_scraped,2025-10-25T23:31:07.322046,25-10-2025
2360be482cf0c962004dcb59a741cee1,UI/UX Fresher Trainee Internship,BM Coder Technologies,"Ahmedabad, Gujarat","UI/UX Fresher Trainee Internship
BM Coder Technologies
Ahmedabad, Gujarat
₹5,000 - ₹15,000 a month
Full-time
+5",[],FALSE,0,indeed_scraped,2025-10-25T23:31:07.416359,25-10-2025
864405b54263d5c43c724e6b74569ae3,Management Trainee,SEOAK INNOVATIONS,"Madhapur, Hyderabad, Telangana","Management Trainee
SEOAK INNOVATIONS
Madhapur, Hyderabad, Telangana
₹4,00,000 - ₹6,00,000 a year
Full-time
+2
Health insurance
Paid time off
Paid sick time
Cell phone reimbursement",[],FALSE,0,indeed_scraped,2025-10-25T23:31:07.519915,25-10-2025
7eea4a9afc95c5c45a1551dfdffea95b,Clinical Research Training with Internship - Get Certified & Industry - Ready,SMOConnect Clinical Research Services Pvt Ltd,"Udipi, Karnataka","Clinical Research Training with Internship - Get Certified & Industry - Ready
SMOConnect Clinical Research Services Pvt Ltd
Udipi, Karnataka
From ₹5,000 a month
Full-time
+2",[],FALSE,0,indeed_scraped,2025-10-25T23:31:07.626448,25-10-2025
95d20b21b398c4bb7452cd42f3506e35,Assistant Trainee Engineer,Aakrutii Technology,"Pune, Maharashtra","Assistant Trainee Engineer
Aakrutii Technology
Pune, Maharashtra
₹8,000 - ₹15,000 a month
Full-time
+1",[],FALSE,0,indeed_scraped,2025-10-25T23:31:07.720964,25-10-2025
2b45a6de1323c9f5e66a2590f8cf3c3d,Trainee,Invitro Biotech Labs,"Kukatpally, Hyderabad, Telangana","Trainee
Invitro Biotech Labs
Kukatpally, Hyderabad, Telangana
From ₹2,00,000 a year
Full-time
+2",[],FALSE,0,indeed_scraped,2025-10-25T23:31:07.827409,25-10-2025
dd0f1da3f1433c9da2d54499e8f63ba6,QA Trainee(Intern),Mxpertz,"Indore, Madhya Pradesh","QA Trainee(Intern)
Mxpertz
Indore, Madhya Pradesh
₹5,000 - ₹9,000 a month
Full-time
+2",[],FALSE,0,indeed_scraped,2025-10-25T23:31:07.923840,25-10-2025
5f922dff4317efb0d07596483d4367bd,react native trainee internship,BM Coder Technologies,"Ahmedabad, Gujarat","react native trainee internship
BM Coder Technologies
Ahmedabad, Gujarat
₹5,000 - ₹15,000 a month
Full-time
+2",[],FALSE,0,indeed_scraped,2025-10-25T23:31:08.016583,25-10-2025
ce03c61d4981c4af9a9cb7c99d0613f6,"Hiring Freshers for Marketing and Management Trainee (Thane, Mumbai)",EROS Inc.,"Thane, Maharashtra","Hiring Freshers for Marketing and Management Trainee (Thane, Mumbai)
EROS Inc.
Thane, Maharashtra
₹20,000 - ₹30,000 a month
Full-time
+5
Health insurance
Provident Fund",[],FALSE,0,indeed_scraped,2025-10-25T23:31:08.123261,25-10-2025
5bbe9c5fc00a4e99123b20da23b57f3e,React.js+Node.js Trainee,Hackerkernel,"Gandhi Nagar, Bhopal, Madhya Pradesh","React.js+Node.js Trainee
Hackerkernel
Gandhi Nagar, Bhopal, Madhya Pradesh
₹7,500 - ₹8,000 a month
Internship",[],FALSE,0,indeed_scraped,2025-10-25T23:31:08.223841,25-10-2025
b99834bc19bbad24580b3adfa04fb947,,,,No description available,[],FALSE,0,indeed_scraped,2025-10-25T23:31:08.320491,25-10-2025
efb7d6b6752cb813c378bd4752e004d4,PHP Developer Trainee Internship,BM Coder Technologies,"Ahmedabad, Gujarat","PHP Developer Trainee Internship
BM Coder Technologies
Ahmedabad, Gujarat
Full-time
+5",[],FALSE,0,indeed_scraped,2025-10-25T23:31:08.421470,25-10-2025
00fd83238ca12f19c56a8cdcc2533ec0,Full Stack trainee,Elysium Academy,"Teni, Tamil Nadu","Full Stack trainee
Elysium Academy
Teni, Tamil Nadu
₹15,000 - ₹60,000 a month
Fresher",[],FALSE,0,indeed_scraped,2025-10-25T23:31:08.556867,25-10-2025
665a6fc885d043d7149c0d02dda78d3d,logistics Germany,SPAARK OVERSEAS,"Noida, Uttar Pradesh","logistics Germany
SPAARK OVERSEAS
Noida, Uttar Pradesh
Typically responds within 4 days
₹1,10,000 - ₹2,80,000 a month
Part-time
+2
Paid time off
Paid sick time
Leave encashment",[],FALSE,0,indeed_scraped,2025-10-25T23:31:08.687183,25-10-2025
5bbe9c5fc00a4e99123b20da23b57f3e,React.js+Node.js Trainee,HackerKernel,"Bhopal, Madhya Pradesh","React.js+Node.js Trainee
HackerKernel
Bhopal, Madhya Pradesh
Internship",[],FALSE,0,indeed_scraped,2025-10-25T23:31:08.793306,25-10-2025
59d82f3fa59d76d1af1435baeef060ac,Service Advisor Trainee,POPULAR MEGA MOTORS (INDIA) PRIVATE LIMITED,"Vyttila, Kochi, Kerala","Service Advisor Trainee
POPULAR MEGA MOTORS (INDIA) PRIVATE LIMITED
Vyttila, Kochi, Kerala
₹15,000 - ₹18,000 a month
Full-time
+2
Food provided
Health insurance
Paid sick time
Life insurance
Leave encashment",[],FALSE,0,indeed_scraped,2025-10-25T23:31:08.930130,25-10-2025
95d20b21b398c4bb7452cd42f3506e35,Assistant Trainee Engineer,Aakrutii Technology,"Pune, Maharashtra","Assistant Trainee Engineer
Aakrutii Technology
Pune, Maharashtra
₹8,000 - ₹15,000 a month
Full-time
+1",[],FALSE,0,indeed_scraped,2025-10-25T23:35:48.276163,25-10-2025
304d612cbfabb747d362691b2c928aab,Business Development Trainee,SEOAK INNOVATIONS,"Madhapur, Hyderabad, Telangana","Business Development Trainee
SEOAK INNOVATIONS
Madhapur, Hyderabad, Telangana
₹4,60,830.46 - ₹6,49,536.76 a year
Full-time
+2
Health insurance
Paid time off
Paid sick time
Cell phone reimbursement",[],FALSE,0,indeed_scraped,2025-10-25T23:35:48.437579,25-10-2025
2360be482cf0c962004dcb59a741cee1,UI/UX Fresher Trainee Internship,BM Coder Technologies,"Ahmedabad, Gujarat","UI/UX Fresher Trainee Internship
BM Coder Technologies
Ahmedabad, Gujarat
₹5,000 - ₹15,000 a month
Full-time
+5",[],FALSE,0,indeed_scraped,2025-10-25T23:35:48.577453,25-10-2025
864405b54263d5c43c724e6b74569ae3,Management Trainee,SEOAK INNOVATIONS,"Madhapur, Hyderabad, Telangana","Management Trainee
SEOAK INNOVATIONS
Madhapur, Hyderabad, Telangana
₹4,00,000 - ₹6,00,000 a year
Full-time
+2
Health insurance
Paid time off
Paid sick time
Cell phone reimbursement",[],FALSE,0,indeed_scraped,2025-10-25T23:35:48.721870,25-10-2025
7eea4a9afc95c5c45a1551dfdffea95b,Clinical Research Training with Internship - Get Certified & Industry - Ready,SMOConnect Clinical Research Services Pvt Ltd,"Udipi, Karnataka","Clinical Research Training with Internship - Get Certified & Industry - Ready
SMOConnect Clinical Research Services Pvt Ltd
Udipi, Karnataka
From ₹5,000 a month
Full-time
+2",[],FALSE,0,indeed_scraped,2025-10-25T23:35:48.889554,25-10-2025
2b45a6de1323c9f5e66a2590f8cf3c3d,Trainee,Invitro Biotech Labs,"Kukatpally, Hyderabad, Telangana","Trainee
Invitro Biotech Labs
Kukatpally, Hyderabad, Telangana
From ₹2,00,000 a year
Full-time
+2",[],FALSE,0,indeed_scraped,2025-10-25T23:35:49.028427,25-10-2025
dd0f1da3f1433c9da2d54499e8f63ba6,QA Trainee(Intern),Mxpertz,"Indore, Madhya Pradesh","QA Trainee(Intern)
Mxpertz
Indore, Madhya Pradesh
₹5,000 - ₹9,000 a month
Full-time
+2",[],FALSE,0,indeed_scraped,2025-10-25T23:35:49.192374,25-10-2025
ce03c61d4981c4af9a9cb7c99d0613f6,"Hiring Freshers for Marketing and Management Trainee (Thane, Mumbai)",EROS Inc.,"Thane, Maharashtra","Hiring Freshers for Marketing and Management Trainee (Thane, Mumbai)
EROS Inc.
Thane, Maharashtra
₹20,000 - ₹30,000 a month
Full-time
+5
Health insurance
Provident Fund",[],FALSE,0,indeed_scraped,2025-10-25T23:35:49.318330,25-10-2025
5f922dff4317efb0d07596483d4367bd,react native trainee internship,BM Coder Technologies,"Ahmedabad, Gujarat","react native trainee internship
BM Coder Technologies
Ahmedabad, Gujarat
₹5,000 - ₹15,000 a month
Full-time
+2",[],FALSE,0,indeed_scraped,2025-10-25T23:35:49.491148,25-10-2025
5bbe9c5fc00a4e99123b20da23b57f3e,React.js+Node.js Trainee,Hackerkernel,"Gandhi Nagar, Bhopal, Madhya Pradesh","React.js+Node.js Trainee
Hackerkernel
Gandhi Nagar, Bhopal, Madhya Pradesh
₹7,500 - ₹8,000 a month
Internship",[],FALSE,0,indeed_scraped,2025-10-25T23:35:49.617501,25-10-2025
efb7d6b6752cb813c378bd4752e004d4,PHP Developer Trainee Internship,BM Coder Technologies,"Ahmedabad, Gujarat","PHP Developer Trainee Internship
BM Coder Technologies
Ahmedabad, Gujarat
Full-time
+5",[],FALSE,0,indeed_scraped,2025-10-25T23:35:49.753699,25-10-2025
b99834bc19bbad24580b3adfa04fb947,,,,No description available,[],FALSE,0,indeed_scraped,2025-10-25T23:35:49.858012,25-10-2025
00fd83238ca12f19c56a8cdcc2533ec0,Full Stack trainee,Elysium Academy,"Teni, Tamil Nadu","Full Stack trainee
Elysium Academy
Teni, Tamil Nadu
₹15,000 - ₹60,000 a month
Fresher",[],FALSE,0,indeed_scraped,2025-10-25T23:35:49.975664,25-10-2025
5bbe9c5fc00a4e99123b20da23b57f3e,React.js+Node.js Trainee,HackerKernel,"Bhopal, Madhya Pradesh","React.js+Node.js Trainee
HackerKernel
Bhopal, Madhya Pradesh
Internship",[],FALSE,0,indeed_scraped,2025-10-25T23:35:50.090803,25-10-2025
59d82f3fa59d76d1af1435baeef060ac,Service Advisor Trainee,POPULAR MEGA MOTORS (INDIA) PRIVATE LIMITED,"Vyttila, Kochi, Kerala","Service Advisor Trainee
POPULAR MEGA MOTORS (INDIA) PRIVATE LIMITED
Vyttila, Kochi, Kerala
₹15,000 - ₹18,000 a month
Full-time
+2
Food provided
Health insurance
Paid sick time
Life insurance
Leave encashment",[],FALSE,0,indeed_scraped,2025-10-25T23:35:50.218859,25-10-2025
665a6fc885d043d7149c0d02dda78d3d,logistics Germany,SPAARK OVERSEAS,"Noida, Uttar Pradesh","logistics Germany
SPAARK OVERSEAS
Noida, Uttar Pradesh
Typically responds within 4 days
₹1,10,000 - ₹2,80,000 a month
Part-time
+2
Paid time off
Paid sick time
Leave encashment",[],FALSE,0,indeed_scraped,2025-10-25T23:35:50.345796,25-10-2025
864405b54263d5c43c724e6b74569ae3,Management Trainee,SEOAK INNOVATIONS,"Madhapur, Hyderabad, Telangana","Management Trainee
SEOAK INNOVATIONS
Madhapur, Hyderabad, Telangana
₹4,00,000 - ₹6,00,000 a year
Full-time
+2
Health insurance
Paid sick time
Cell phone reimbursement
Easily apply",[],FALSE,0,indeed_scraped,2025-10-30T08:53:47.627138,30-10-2025
ce03c61d4981c4af9a9cb7c99d0613f6,"Hiring Freshers for Marketing and Management Trainee (Thane, Mumbai)",EROS Inc.,"Thane, Maharashtra","Hiring Freshers for Marketing and Management Trainee (Thane, Mumbai)
EROS Inc.
Thane, Maharashtra
₹20,000 - ₹30,000 a month
Full-time
+5
Health insurance
Provident Fund
Easily apply",[],FALSE,0,indeed_scraped,2025-10-30T08:53:47.744395,30-10-2025
8ff94e1dc794098caf1da38001c1c92b,Uniqlo Internship,UNIQLO Retail Stores,"Mumbai, Maharashtra","Uniqlo Internship
UNIQLO Retail Stores
Mumbai, Maharashtra
From ₹17,000 a month
Full-time
Rotational shift
Easily apply",[],FALSE,0,indeed_scraped,2025-10-30T08:53:47.852534,30-10-2025
0cd7b11e1a51dd160d00dc747664ec6f,Corporate Development Associate Trainee,Harvinn Technologies,"Madhapur, Hyderabad, Telangana","Corporate Development Associate Trainee
Harvinn Technologies
Madhapur, Hyderabad, Telangana
₹2,40,000 - ₹4,00,000 a year
Full-time
+1
Easily apply",[],FALSE,0,indeed_scraped,2025-10-30T08:53:47.969779,30-10-2025
304d612cbfabb747d362691b2c928aab,Business Development Trainee,SEOAK INNOVATIONS,"Madhapur, Hyderabad, Telangana","Business Development Trainee
SEOAK INNOVATIONS
Madhapur, Hyderabad, Telangana
₹4,00,000 - ₹6,00,000 a year
Full-time
+2
Health insurance
Paid sick time
Cell phone reimbursement
Easily apply",[],FALSE,0,indeed_scraped,2025-10-30T08:53:48.135335,30-10-2025
6f6baa770b1df2ef81b3e9d01c7c9443,SEO Trainee,MedClap Private Limited,"Mohali, Punjab","SEO Trainee
MedClap Private Limited
Mohali, Punjab
₹10,000 - ₹12,000 a month
Full-time
+2
Paid time off
Paid sick time
Leave encashment
Easily apply",[],FALSE,0,indeed_scraped,2025-10-30T08:53:48.253082,30-10-2025
2aa6e2c2534a6df26ac52d12b44f1ef4,Business Development Trainee,Harvinn Technologies,"Madhapur, Hyderabad, Telangana","Business Development Trainee
Harvinn Technologies
Madhapur, Hyderabad, Telangana
₹2,40,000 - ₹4,00,000 a year
Full-time
+2
Cell phone reimbursement
Easily apply",[],FALSE,0,indeed_scraped,2025-10-30T08:53:48.374740,30-10-2025
2ecea88f99d4a05f160d7f9808120a0a,Management Trainee,XYLEM LEARNING PRIVATE LIMITED,"Ernakulam H.O, Kochi, Kerala","Management Trainee
XYLEM LEARNING PRIVATE LIMITED
Ernakulam H.O, Kochi, Kerala
₹9,650 a month
Internship
+1
Easily apply",[],FALSE,0,indeed_scraped,2025-10-30T08:53:48.482711,30-10-2025
b99834bc19bbad24580b3adfa04fb947,,,,No description available,[],FALSE,0,indeed_scraped,2025-10-30T08:53:48.580885,30-10-2025
9cae7a6c3ff42c9b4e5f09cef4036c66,SEO Support Trainee (3-Month Training – With Stipend),Apex Info Serve Private Limited,"I R C Village, Bhubaneswar, Orissa","SEO Support Trainee (3-Month Training – With Stipend)
New
Hiring multiple candidates
Apex Info Serve Private Limited
I R C Village, Bhubaneswar, Orissa
From ₹5,000 a month
Full-time
Easily apply",[],FALSE,0,indeed_scraped,2025-10-30T08:53:48.699999,30-10-2025
353fe1dad8eacb995bf8b718eab78521,Management Trainee - Presales,Levelup For Women,"Gurugram, Haryana","Management Trainee - Presales
Levelup For Women
Gurugram, Haryana
₹22,000 - ₹25,000 a month
Full-time
+2
Paid sick time
Work from home
Easily apply",[],FALSE,0,indeed_scraped,2025-10-30T08:53:48.804343,30-10-2025
c4b941368f807b77aa3582d14fd15ba5,Sales & Marketing Officer Trainee,YCP Infratech India Private Limited,"Kochi, Kerala","Sales & Marketing Officer Trainee
YCP Infratech India Private Limited
Kochi, Kerala
₹20,000 a month
Part-time
+3
Easily apply",[],FALSE,0,indeed_scraped,2025-10-30T08:53:48.913370,30-10-2025
c554c3287f5b2eae2dfa173cbc67cbe7,Management Trainee - Business Development,Ken Research Private Limited,"Sohna, Gurugram, Haryana","Management Trainee - Business Development
Ken Research Private Limited
Sohna, Gurugram, Haryana
₹23,000 a month
Full-time
+1
Easily apply",[],FALSE,0,indeed_scraped,2025-10-30T08:53:49.029090,30-10-2025
7a9b166af9d88e9366320f6b881534b2,Talent Acquisition Trainee,Avenoir Technologies,"Raipur, Chhattisgarh","Talent Acquisition Trainee
Avenoir Technologies
Raipur, Chhattisgarh
Up to ₹2,40,000 a year
Full-time
Paid sick time
Provident Fund
Work from home
Easily apply",[],FALSE,0,indeed_scraped,2025-10-30T08:53:49.145357,30-10-2025
5f132bb642e4909853b0a42b496d0148,PHP Trainee,Jeronone Technologies,"Mohali, Punjab","PHP Trainee
Jeronone Technologies
Mohali, Punjab
₹10,000 - ₹15,000 a month
Full-time
+2
Easily apply",[],FALSE,0,indeed_scraped,2025-10-30T08:53:49.254409,30-10-2025
89950cce0601a879bc02bfcc1386f05a,Internship Program,Rx Automation,"Indira Nagar , Lucknow, Uttar Pradesh","Internship Program
Rx Automation
Indira Nagar , Lucknow, Uttar Pradesh
₹6,000 - ₹10,000 a month
Full-time
+2
Easily apply",[],FALSE,0,indeed_scraped,2025-10-30T08:53:49.361052,30-10-2025
864405b54263d5c43c724e6b74569ae3,Management Trainee,SEOAK INNOVATIONS,"Madhapur, Hyderabad, Telangana","Management Trainee
SEOAK INNOVATIONS
Madhapur, Hyderabad, Telangana
₹4,00,000 - ₹6,00,000 a year
Full-time
+2
Health insurance
Paid sick time
Cell phone reimbursement
Easily apply",[],FALSE,0,indeed_scraped,2025-10-30T08:54:55.499835,30-10-2025
ce03c61d4981c4af9a9cb7c99d0613f6,"Hiring Freshers for Marketing and Management Trainee (Thane, Mumbai)",EROS Inc.,"Thane, Maharashtra","Hiring Freshers for Marketing and Management Trainee (Thane, Mumbai)
EROS Inc.
Thane, Maharashtra
₹20,000 - ₹30,000 a month
Full-time
+5
Health insurance
Provident Fund
Easily apply",[],FALSE,0,indeed_scraped,2025-10-30T08:54:55.605668,30-10-2025
8ff94e1dc794098caf1da38001c1c92b,Uniqlo Internship,UNIQLO Retail Stores,"Mumbai, Maharashtra","Uniqlo Internship
UNIQLO Retail Stores
Mumbai, Maharashtra
From ₹17,000 a month
Full-time
Rotational shift
Easily apply",[],FALSE,0,indeed_scraped,2025-10-30T08:54:55.718697,30-10-2025
0cd7b11e1a51dd160d00dc747664ec6f,Corporate Development Associate Trainee,Harvinn Technologies,"Madhapur, Hyderabad, Telangana","Corporate Development Associate Trainee
Harvinn Technologies
Madhapur, Hyderabad, Telangana
₹2,40,000 - ₹4,00,000 a year
Full-time
+1
Easily apply",[],FALSE,0,indeed_scraped,2025-10-30T08:54:55.863281,30-10-2025
304d612cbfabb747d362691b2c928aab,Business Development Trainee,SEOAK INNOVATIONS,"Madhapur, Hyderabad, Telangana","Business Development Trainee
SEOAK INNOVATIONS
Madhapur, Hyderabad, Telangana
₹4,00,000 - ₹6,00,000 a year
Full-time
+2
Health insurance
Paid sick time
Cell phone reimbursement
Easily apply",[],FALSE,0,indeed_scraped,2025-10-30T08:54:55.991165,30-10-2025
6f6baa770b1df2ef81b3e9d01c7c9443,SEO Trainee,MedClap Private Limited,"Mohali, Punjab","SEO Trainee
MedClap Private Limited
Mohali, Punjab
₹10,000 - ₹12,000 a month
Full-time
+2
Paid time off
Paid sick time
Leave encashment
Easily apply",[],FALSE,0,indeed_scraped,2025-10-30T08:54:56.134177,30-10-2025
2aa6e2c2534a6df26ac52d12b44f1ef4,Business Development Trainee,Harvinn Technologies,"Madhapur, Hyderabad, Telangana","Business Development Trainee
Harvinn Technologies
Madhapur, Hyderabad, Telangana
₹2,40,000 - ₹4,00,000 a year
Full-time
+2
Cell phone reimbursement
Easily apply",[],FALSE,0,indeed_scraped,2025-10-30T08:54:56.251876,30-10-2025
2ecea88f99d4a05f160d7f9808120a0a,Management Trainee,XYLEM LEARNING PRIVATE LIMITED,"Ernakulam H.O, Kochi, Kerala","Management Trainee
XYLEM LEARNING PRIVATE LIMITED
Ernakulam H.O, Kochi, Kerala
₹9,650 a month
Internship
+1
Easily apply",[],FALSE,0,indeed_scraped,2025-10-30T08:54:56.362926,30-10-2025
b99834bc19bbad24580b3adfa04fb947,,,,No description available,[],FALSE,0,indeed_scraped,2025-10-30T08:54:56.468362,30-10-2025
9cae7a6c3ff42c9b4e5f09cef4036c66,SEO Support Trainee (3-Month Training – With Stipend),Apex Info Serve Private Limited,"I R C Village, Bhubaneswar, Orissa","SEO Support Trainee (3-Month Training – With Stipend)
New
Hiring multiple candidates
Apex Info Serve Private Limited
I R C Village, Bhubaneswar, Orissa
From ₹5,000 a month
Full-time
Easily apply",[],FALSE,0,indeed_scraped,2025-10-30T08:54:56.584901,30-10-2025
353fe1dad8eacb995bf8b718eab78521,Management Trainee - Presales,Levelup For Women,"Gurugram, Haryana","Management Trainee - Presales
Levelup For Women
Gurugram, Haryana
₹22,000 - ₹25,000 a month
Full-time
+2
Paid sick time
Work from home
Easily apply",[],FALSE,0,indeed_scraped,2025-10-30T08:54:56.720526,30-10-2025
c4b941368f807b77aa3582d14fd15ba5,Sales & Marketing Officer Trainee,YCP Infratech India Private Limited,"Kochi, Kerala","Sales & Marketing Officer Trainee
YCP Infratech India Private Limited
Kochi, Kerala
₹20,000 a month
Part-time
+3
Easily apply",[],FALSE,0,indeed_scraped,2025-10-30T08:54:56.825767,30-10-2025
c554c3287f5b2eae2dfa173cbc67cbe7,Management Trainee - Business Development,Ken Research Private Limited,"Sohna, Gurugram, Haryana","Management Trainee - Business Development
Ken Research Private Limited
Sohna, Gurugram, Haryana
₹23,000 a month
Full-time
+1
Easily apply",[],FALSE,0,indeed_scraped,2025-10-30T08:54:56.930669,30-10-2025
7a9b166af9d88e9366320f6b881534b2,Talent Acquisition Trainee,Avenoir Technologies,"Raipur, Chhattisgarh","Talent Acquisition Trainee
Avenoir Technologies
Raipur, Chhattisgarh
Up to ₹2,40,000 a year
Full-time
Paid sick time
Provident Fund
Work from home
Easily apply",[],FALSE,0,indeed_scraped,2025-10-30T08:54:57.050069,30-10-2025
5f132bb642e4909853b0a42b496d0148,PHP Trainee,Jeronone Technologies,"Mohali, Punjab","PHP Trainee
Jeronone Technologies
Mohali, Punjab
₹10,000 - ₹15,000 a month
Full-time
+2
Easily apply",[],FALSE,0,indeed_scraped,2025-10-30T08:54:57.160792,30-10-2025
89950cce0601a879bc02bfcc1386f05a,Internship Program,Rx Automation,"Indira Nagar , Lucknow, Uttar Pradesh","Internship Program
Rx Automation
Indira Nagar , Lucknow, Uttar Pradesh
₹6,000 - ₹10,000 a month
Full-time
+2
Easily apply",[],FALSE,0,indeed_scraped,2025-10-30T08:54:57.266292,30-10-2025
864405b54263d5c43c724e6b74569ae3,Management Trainee,SEOAK INNOVATIONS,"Madhapur, Hyderabad, Telangana","Management Trainee
SEOAK INNOVATIONS
Madhapur, Hyderabad, Telangana
₹4,00,000 - ₹6,00,000 a year
Full-time
+2
Health insurance
Paid sick time
Cell phone reimbursement
Easily apply",[],FALSE,0,indeed_scraped,2025-10-30T08:56:03.293562,30-10-2025
ce03c61d4981c4af9a9cb7c99d0613f6,"Hiring Freshers for Marketing and Management Trainee (Thane, Mumbai)",EROS Inc.,"Thane, Maharashtra","Hiring Freshers for Marketing and Management Trainee (Thane, Mumbai)
EROS Inc.
Thane, Maharashtra
₹20,000 - ₹30,000 a month
Full-time
+5
Health insurance
Provident Fund
Easily apply",[],FALSE,0,indeed_scraped,2025-10-30T08:56:03.441139,30-10-2025
8ff94e1dc794098caf1da38001c1c92b,Uniqlo Internship,UNIQLO Retail Stores,"Mumbai, Maharashtra","Uniqlo Internship
UNIQLO Retail Stores
Mumbai, Maharashtra
From ₹17,000 a month
Full-time
Rotational shift
Easily apply",[],FALSE,0,indeed_scraped,2025-10-30T08:56:03.549912,30-10-2025
0cd7b11e1a51dd160d00dc747664ec6f,Corporate Development Associate Trainee,Harvinn Technologies,"Madhapur, Hyderabad, Telangana","Corporate Development Associate Trainee
Harvinn Technologies
Madhapur, Hyderabad, Telangana
₹2,40,000 - ₹4,00,000 a year
Full-time
+1
Easily apply",[],FALSE,0,indeed_scraped,2025-10-30T08:56:03.667886,30-10-2025
304d612cbfabb747d362691b2c928aab,Business Development Trainee,SEOAK INNOVATIONS,"Madhapur, Hyderabad, Telangana","Business Development Trainee
SEOAK INNOVATIONS
Madhapur, Hyderabad, Telangana
₹4,00,000 - ₹6,00,000 a year
Full-time
+2
Health insurance
Paid sick time
Cell phone reimbursement
Easily apply",[],FALSE,0,indeed_scraped,2025-10-30T08:56:03.808926,30-10-2025
6f6baa770b1df2ef81b3e9d01c7c9443,SEO Trainee,MedClap Private Limited,"Mohali, Punjab","SEO Trainee
MedClap Private Limited
Mohali, Punjab
₹10,000 - ₹12,000 a month
Full-time
+2
Paid time off
Paid sick time
Leave encashment
Easily apply",[],FALSE,0,indeed_scraped,2025-10-30T08:56:03.958906,30-10-2025
2aa6e2c2534a6df26ac52d12b44f1ef4,Business Development Trainee,Harvinn Technologies,"Madhapur, Hyderabad, Telangana","Business Development Trainee
Harvinn Technologies
Madhapur, Hyderabad, Telangana
₹2,40,000 - ₹4,00,000 a year
Full-time
+2
Cell phone reimbursement
Easily apply",[],FALSE,0,indeed_scraped,2025-10-30T08:56:04.076708,30-10-2025
2ecea88f99d4a05f160d7f9808120a0a,Management Trainee,XYLEM LEARNING PRIVATE LIMITED,"Ernakulam H.O, Kochi, Kerala","Management Trainee
XYLEM LEARNING PRIVATE LIMITED
Ernakulam H.O, Kochi, Kerala
₹9,650 a month
Internship
+1
Easily apply",[],FALSE,0,indeed_scraped,2025-10-30T08:56:04.193613,30-10-2025
b99834bc19bbad24580b3adfa04fb947,,,,No description available,[],FALSE,0,indeed_scraped,2025-10-30T08:56:04.294322,30-10-2025
9cae7a6c3ff42c9b4e5f09cef4036c66,SEO Support Trainee (3-Month Training – With Stipend),Apex Info Serve Private Limited,"I R C Village, Bhubaneswar, Orissa","SEO Support Trainee (3-Month Training – With Stipend)
New
Hiring multiple candidates
Apex Info Serve Private Limited
I R C Village, Bhubaneswar, Orissa
From ₹5,000 a month
Full-time
Easily apply",[],FALSE,0,indeed_scraped,2025-10-30T08:56:04.406884,30-10-2025
353fe1dad8eacb995bf8b718eab78521,Management Trainee - Presales,Levelup For Women,"Gurugram, Haryana","Management Trainee - Presales
Levelup For Women
Gurugram, Haryana
₹22,000 - ₹25,000 a month
Full-time
+2
Paid sick time
Work from home
Easily apply",[],FALSE,0,indeed_scraped,2025-10-30T08:56:04.572328,30-10-2025
c4b941368f807b77aa3582d14fd15ba5,Sales & Marketing Officer Trainee,YCP Infratech India Private Limited,"Kochi, Kerala","Sales & Marketing Officer Trainee
YCP Infratech India Private Limited
Kochi, Kerala
₹20,000 a month
Part-time
+3
Easily apply",[],FALSE,0,indeed_scraped,2025-10-30T08:56:04.710747,30-10-2025
c554c3287f5b2eae2dfa173cbc67cbe7,Management Trainee - Business Development,Ken Research Private Limited,"Sohna, Gurugram, Haryana","Management Trainee - Business Development
Ken Research Private Limited
Sohna, Gurugram, Haryana
₹23,000 a month
Full-time
+1
Easily apply",[],FALSE,0,indeed_scraped,2025-10-30T08:56:04.825278,30-10-2025
7a9b166af9d88e9366320f6b881534b2,Talent Acquisition Trainee,Avenoir Technologies,"Raipur, Chhattisgarh","Talent Acquisition Trainee
Avenoir Technologies
Raipur, Chhattisgarh
Up to ₹2,40,000 a year
Full-time
Paid sick time
Provident Fund
Work from home
Easily apply",[],FALSE,0,indeed_scraped,2025-10-30T08:56:04.945045,30-10-2025
5f132bb642e4909853b0a42b496d0148,PHP Trainee,Jeronone Technologies,"Mohali, Punjab","PHP Trainee
Jeronone Technologies
Mohali, Punjab
₹10,000 - ₹15,000 a month
Full-time
+2
Easily apply",[],FALSE,0,indeed_scraped,2025-10-30T08:56:05.081414,30-10-2025
89950cce0601a879bc02bfcc1386f05a,Internship Program,Rx Automation,"Indira Nagar , Lucknow, Uttar Pradesh","Internship Program
Rx Automation
Indira Nagar , Lucknow, Uttar Pradesh
₹6,000 - ₹10,000 a month
Full-time
+2
Easily apply",[],FALSE,0,indeed_scraped,2025-10-30T08:56:05.205710,30-10-2025
864405b54263d5c43c724e6b74569ae3,Management Trainee,SEOAK INNOVATIONS,"Madhapur, Hyderabad, Telangana","Management Trainee
SEOAK INNOVATIONS
Madhapur, Hyderabad, Telangana
₹4,00,000 - ₹6,00,000 a year
Full-time
+2
Health insurance
Paid sick time
Cell phone reimbursement
Easily apply",[],FALSE,0,indeed_scraped,2025-10-30T08:57:11.227307,30-10-2025
ce03c61d4981c4af9a9cb7c99d0613f6,"Hiring Freshers for Marketing and Management Trainee (Thane, Mumbai)",EROS Inc.,"Thane, Maharashtra","Hiring Freshers for Marketing and Management Trainee (Thane, Mumbai)
EROS Inc.
Thane, Maharashtra
₹20,000 - ₹30,000 a month
Full-time
+5
Health insurance
Provident Fund
Easily apply",[],FALSE,0,indeed_scraped,2025-10-30T08:57:11.349926,30-10-2025
8ff94e1dc794098caf1da38001c1c92b,Uniqlo Internship,UNIQLO Retail Stores,"Mumbai, Maharashtra","Uniqlo Internship
UNIQLO Retail Stores
Mumbai, Maharashtra
From ₹17,000 a month
Full-time
Rotational shift
Easily apply",[],FALSE,0,indeed_scraped,2025-10-30T08:57:11.493272,30-10-2025
0cd7b11e1a51dd160d00dc747664ec6f,Corporate Development Associate Trainee,Harvinn Technologies,"Madhapur, Hyderabad, Telangana","Corporate Development Associate Trainee
Harvinn Technologies
Madhapur, Hyderabad, Telangana
₹2,40,000 - ₹4,00,000 a year
Full-time
+1
Easily apply",[],FALSE,0,indeed_scraped,2025-10-30T08:57:11.604764,30-10-2025
304d612cbfabb747d362691b2c928aab,Business Development Trainee,SEOAK INNOVATIONS,"Madhapur, Hyderabad, Telangana","Business Development Trainee
SEOAK INNOVATIONS
Madhapur, Hyderabad, Telangana
₹4,00,000 - ₹6,00,000 a year
Full-time
+2
Health insurance
Paid sick time
Cell phone reimbursement
Easily apply",[],FALSE,0,indeed_scraped,2025-10-30T08:57:11.718248,30-10-2025
6f6baa770b1df2ef81b3e9d01c7c9443,SEO Trainee,MedClap Private Limited,"Mohali, Punjab","SEO Trainee
MedClap Private Limited
Mohali, Punjab
₹10,000 - ₹12,000 a month
Full-time
+2
Paid time off
Paid sick time
Leave encashment
Easily apply",[],FALSE,0,indeed_scraped,2025-10-30T08:57:11.837582,30-10-2025
2aa6e2c2534a6df26ac52d12b44f1ef4,Business Development Trainee,Harvinn Technologies,"Madhapur, Hyderabad, Telangana","Business Development Trainee
Harvinn Technologies
Madhapur, Hyderabad, Telangana
₹2,40,000 - ₹4,00,000 a year
Full-time
+2
Cell phone reimbursement
Easily apply",[],FALSE,0,indeed_scraped,2025-10-30T08:57:11.948605,30-10-2025
2ecea88f99d4a05f160d7f9808120a0a,Management Trainee,XYLEM LEARNING PRIVATE LIMITED,"Ernakulam H.O, Kochi, Kerala","Management Trainee
XYLEM LEARNING PRIVATE LIMITED
Ernakulam H.O, Kochi, Kerala
₹9,650 a month
Internship
+1
Easily apply",[],FALSE,0,indeed_scraped,2025-10-30T08:57:12.054334,30-10-2025
b99834bc19bbad24580b3adfa04fb947,,,,No description available,[],FALSE,0,indeed_scraped,2025-10-30T08:57:12.158210,30-10-2025
9cae7a6c3ff42c9b4e5f09cef4036c66,SEO Support Trainee (3-Month Training – With Stipend),Apex Info Serve Private Limited,"I R C Village, Bhubaneswar, Orissa","SEO Support Trainee (3-Month Training – With Stipend)
New
Hiring multiple candidates
Apex Info Serve Private Limited
I R C Village, Bhubaneswar, Orissa
From ₹5,000 a month
Full-time
Easily apply",[],FALSE,0,indeed_scraped,2025-10-30T08:57:12.284867,30-10-2025
353fe1dad8eacb995bf8b718eab78521,Management Trainee - Presales,Levelup For Women,"Gurugram, Haryana","Management Trainee - Presales
Levelup For Women
Gurugram, Haryana
₹22,000 - ₹25,000 a month
Full-time
+2
Paid sick time
Work from home
Easily apply",[],FALSE,0,indeed_scraped,2025-10-30T08:57:12.415787,30-10-2025
c4b941368f807b77aa3582d14fd15ba5,Sales & Marketing Officer Trainee,YCP Infratech India Private Limited,"Kochi, Kerala","Sales & Marketing Officer Trainee
YCP Infratech India Private Limited
Kochi, Kerala
₹20,000 a month
Part-time
+3
Easily apply",[],FALSE,0,indeed_scraped,2025-10-30T08:57:12.529868,30-10-2025
c554c3287f5b2eae2dfa173cbc67cbe7,Management Trainee - Business Development,Ken Research Private Limited,"Sohna, Gurugram, Haryana","Management Trainee - Business Development
Ken Research Private Limited
Sohna, Gurugram, Haryana
₹23,000 a month
Full-time
+1
Easily apply",[],FALSE,0,indeed_scraped,2025-10-30T08:57:12.644230,30-10-2025
7a9b166af9d88e9366320f6b881534b2,Talent Acquisition Trainee,Avenoir Technologies,"Raipur, Chhattisgarh","Talent Acquisition Trainee
Avenoir Technologies
Raipur, Chhattisgarh
Up to ₹2,40,000 a year
Full-time
Paid sick time
Provident Fund
Work from home
Easily apply",[],FALSE,0,indeed_scraped,2025-10-30T08:57:12.821662,30-10-2025
5f132bb642e4909853b0a42b496d0148,PHP Trainee,Jeronone Technologies,"Mohali, Punjab","PHP Trainee
Jeronone Technologies
Mohali, Punjab
₹10,000 - ₹15,000 a month
Full-time
+2
Easily apply",[],FALSE,0,indeed_scraped,2025-10-30T08:57:12.968737,30-10-2025
89950cce0601a879bc02bfcc1386f05a,Internship Program,Rx Automation,"Indira Nagar , Lucknow, Uttar Pradesh","Internship Program
Rx Automation
Indira Nagar , Lucknow, Uttar Pradesh
₹6,000 - ₹10,000 a month
Full-time
+2
Easily apply",[],FALSE,0,indeed_scraped,2025-10-30T08:57:13.102399,30-10-2025
8ff94e1dc794098caf1da38001c1c92b,Uniqlo Internship,UNIQLO Retail Stores,"Mumbai, Maharashtra","Uniqlo Internship
UNIQLO Retail Stores
Mumbai, Maharashtra
From ₹17,000 a month
Full-time
Rotational shift
Easily apply",[],FALSE,0,indeed_scraped,2025-10-30T08:58:19.030214,30-10-2025
864405b54263d5c43c724e6b74569ae3,Management Trainee,SEOAK INNOVATIONS,"Madhapur, Hyderabad, Telangana","Management Trainee
SEOAK INNOVATIONS
Madhapur, Hyderabad, Telangana
₹4,00,000 - ₹6,00,000 a year
Full-time
+2
Health insurance
Paid sick time
Cell phone reimbursement
Easily apply",[],FALSE,0,indeed_scraped,2025-10-30T08:58:19.191990,30-10-2025
ce03c61d4981c4af9a9cb7c99d0613f6,"Hiring Freshers for Marketing and Management Trainee (Thane, Mumbai)",EROS Inc.,"Thane, Maharashtra","Hiring Freshers for Marketing and Management Trainee (Thane, Mumbai)
EROS Inc.
Thane, Maharashtra
₹20,000 - ₹30,000 a month
Full-time
+5
Health insurance
Provident Fund
Easily apply",[],FALSE,0,indeed_scraped,2025-10-30T08:58:19.316721,30-10-2025
304d612cbfabb747d362691b2c928aab,Business Development Trainee,SEOAK INNOVATIONS,"Madhapur, Hyderabad, Telangana","Business Development Trainee
SEOAK INNOVATIONS
Madhapur, Hyderabad, Telangana
₹4,00,000 - ₹6,00,000 a year
Full-time
+2
Health insurance
Paid sick time
Cell phone reimbursement
Easily apply",[],FALSE,0,indeed_scraped,2025-10-30T08:58:19.426827,30-10-2025
0cd7b11e1a51dd160d00dc747664ec6f,Corporate Development Associate Trainee,Harvinn Technologies,"Madhapur, Hyderabad, Telangana","Corporate Development Associate Trainee
Harvinn Technologies
Madhapur, Hyderabad, Telangana
₹2,40,000 - ₹4,00,000 a year
Full-time
+1
Easily apply",[],FALSE,0,indeed_scraped,2025-10-30T08:58:19.535834,30-10-2025
2aa6e2c2534a6df26ac52d12b44f1ef4,Business Development Trainee,Harvinn Technologies,"Madhapur, Hyderabad, Telangana","Business Development Trainee
Harvinn Technologies
Madhapur, Hyderabad, Telangana
₹2,40,000 - ₹4,00,000 a year
Full-time
+2
Cell phone reimbursement
Easily apply",[],FALSE,0,indeed_scraped,2025-10-30T08:58:19.647220,30-10-2025
6f6baa770b1df2ef81b3e9d01c7c9443,SEO Trainee,MedClap Private Limited,"Mohali, Punjab","SEO Trainee
MedClap Private Limited
Mohali, Punjab
₹10,000 - ₹12,000 a month
Full-time
+2
Paid time off
Paid sick time
Leave encashment
Easily apply",[],FALSE,0,indeed_scraped,2025-10-30T08:58:19.764642,30-10-2025
2ecea88f99d4a05f160d7f9808120a0a,Management Trainee,XYLEM LEARNING PRIVATE LIMITED,"Thrissur R S, Thrissur, Kerala","Management Trainee
XYLEM LEARNING PRIVATE LIMITED
Thrissur R S, Thrissur, Kerala
₹9,650 a month
Internship
+1
Easily apply",[],FALSE,0,indeed_scraped,2025-10-30T08:58:19.899549,30-10-2025
353fe1dad8eacb995bf8b718eab78521,Management Trainee - Presales,Levelup For Women,"Gurugram, Haryana","Management Trainee - Presales
Levelup For Women
Gurugram, Haryana
₹22,000 - ₹25,000 a month
Full-time
+2
Paid sick time
Work from home
Easily apply",[],FALSE,0,indeed_scraped,2025-10-30T08:58:20.024590,30-10-2025
9cae7a6c3ff42c9b4e5f09cef4036c66,SEO Support Trainee (3-Month Training – With Stipend),Apex Info Serve Private Limited,"I R C Village, Bhubaneswar, Orissa","SEO Support Trainee (3-Month Training – With Stipend)
New
Hiring multiple candidates
Apex Info Serve Private Limited
I R C Village, Bhubaneswar, Orissa
From ₹5,000 a month
Full-time
Easily apply",[],FALSE,0,indeed_scraped,2025-10-30T08:58:20.141009,30-10-2025
b99834bc19bbad24580b3adfa04fb947,,,,No description available,[],FALSE,0,indeed_scraped,2025-10-30T08:58:20.242882,30-10-2025
c4b941368f807b77aa3582d14fd15ba5,Sales & Marketing Officer Trainee,YCP Infratech India Private Limited,"Kochi, Kerala","Sales & Marketing Officer Trainee
YCP Infratech India Private Limited
Kochi, Kerala
₹20,000 a month
Part-time
+3
Easily apply",[],FALSE,0,indeed_scraped,2025-10-30T08:58:20.351940,30-10-2025
c554c3287f5b2eae2dfa173cbc67cbe7,Management Trainee - Business Development,Ken Research Private Limited,"Sohna, Gurugram, Haryana","Management Trainee - Business Development
Ken Research Private Limited
Sohna, Gurugram, Haryana
₹23,000 a month
Full-time
+1
Easily apply",[],FALSE,0,indeed_scraped,2025-10-30T08:58:20.467989,30-10-2025
7a9b166af9d88e9366320f6b881534b2,Talent Acquisition Trainee,Avenoir Technologies,"Raipur, Chhattisgarh","Talent Acquisition Trainee
Avenoir Technologies
Raipur, Chhattisgarh
Up to ₹2,40,000 a year
Full-time
Paid sick time
Provident Fund
Work from home
Easily apply",[],FALSE,0,indeed_scraped,2025-10-30T08:58:20.580157,30-10-2025
5f132bb642e4909853b0a42b496d0148,PHP Trainee,Jeronone Technologies,"Mohali, Punjab","PHP Trainee
Jeronone Technologies
Mohali, Punjab
₹10,000 - ₹15,000 a month
Full-time
+2
Easily apply",[],FALSE,0,indeed_scraped,2025-10-30T08:58:20.716325,30-10-2025
89950cce0601a879bc02bfcc1386f05a,Internship Program,Rx Automation,"Indira Nagar , Lucknow, Uttar Pradesh","Internship Program
Rx Automation
Indira Nagar , Lucknow, Uttar Pradesh
₹6,000 - ₹10,000 a month
Full-time
+2
Easily apply",[],FALSE,0,indeed_scraped,2025-10-30T08:58:20.829901,30-10-2025
8ff94e1dc794098caf1da38001c1c92b,Uniqlo Internship,UNIQLO Retail Stores,"Mumbai, Maharashtra","Uniqlo Internship
UNIQLO Retail Stores
Mumbai, Maharashtra
From ₹17,000 a month
Full-time
Rotational shift
Easily apply",[],FALSE,0,indeed_scraped,2025-10-30T08:59:26.806436,30-10-2025
864405b54263d5c43c724e6b74569ae3,Management Trainee,SEOAK INNOVATIONS,"Madhapur, Hyderabad, Telangana","Management Trainee
SEOAK INNOVATIONS
Madhapur, Hyderabad, Telangana
₹4,00,000 - ₹6,00,000 a year
Full-time
+2
Health insurance
Paid sick time
Cell phone reimbursement
Easily apply",[],FALSE,0,indeed_scraped,2025-10-30T08:59:26.923070,30-10-2025
ce03c61d4981c4af9a9cb7c99d0613f6,"Hiring Freshers for Marketing and Management Trainee (Thane, Mumbai)",EROS Inc.,"Thane, Maharashtra","Hiring Freshers for Marketing and Management Trainee (Thane, Mumbai)
EROS Inc.
Thane, Maharashtra
₹20,000 - ₹30,000 a month
Full-time
+5
Health insurance
Provident Fund
Easily apply",[],FALSE,0,indeed_scraped,2025-10-30T08:59:27.065130,30-10-2025
304d612cbfabb747d362691b2c928aab,Business Development Trainee,SEOAK INNOVATIONS,"Madhapur, Hyderabad, Telangana","Business Development Trainee
SEOAK INNOVATIONS
Madhapur, Hyderabad, Telangana
₹4,00,000 - ₹6,00,000 a year
Full-time
+2
Health insurance
Paid sick time
Cell phone reimbursement
Easily apply",[],FALSE,0,indeed_scraped,2025-10-30T08:59:27.180874,30-10-2025
0cd7b11e1a51dd160d00dc747664ec6f,Corporate Development Associate Trainee,Harvinn Technologies,"Madhapur, Hyderabad, Telangana","Corporate Development Associate Trainee
Harvinn Technologies
Madhapur, Hyderabad, Telangana
₹2,40,000 - ₹4,00,000 a year
Full-time
+1
Easily apply",[],FALSE,0,indeed_scraped,2025-10-30T08:59:27.297758,30-10-2025
2aa6e2c2534a6df26ac52d12b44f1ef4,Business Development Trainee,Harvinn Technologies,"Madhapur, Hyderabad, Telangana","Business Development Trainee
Harvinn Technologies
Madhapur, Hyderabad, Telangana
₹2,40,000 - ₹4,00,000 a year
Full-time
+2
Cell phone reimbursement
Easily apply",[],FALSE,0,indeed_scraped,2025-10-30T08:59:27.414284,30-10-2025
6f6baa770b1df2ef81b3e9d01c7c9443,SEO Trainee,MedClap Private Limited,"Mohali, Punjab","SEO Trainee
MedClap Private Limited
Mohali, Punjab
₹10,000 - ₹12,000 a month
Full-time
+2
Paid time off
Paid sick time
Leave encashment
Easily apply",[],FALSE,0,indeed_scraped,2025-10-30T08:59:27.524077,30-10-2025
2ecea88f99d4a05f160d7f9808120a0a,Management Trainee,XYLEM LEARNING PRIVATE LIMITED,"Thrissur R S, Thrissur, Kerala","Management Trainee
XYLEM LEARNING PRIVATE LIMITED
Thrissur R S, Thrissur, Kerala
₹9,650 a month
Internship
+1
Easily apply",[],FALSE,0,indeed_scraped,2025-10-30T08:59:27.637524,30-10-2025
353fe1dad8eacb995bf8b718eab78521,Management Trainee - Presales,Levelup For Women,"Gurugram, Haryana","Management Trainee - Presales
Levelup For Women
Gurugram, Haryana
₹22,000 - ₹25,000 a month
Full-time
+2
Paid sick time
Work from home
Easily apply",[],FALSE,0,indeed_scraped,2025-10-30T08:59:27.769750,30-10-2025
9cae7a6c3ff42c9b4e5f09cef4036c66,SEO Support Trainee (3-Month Training – With Stipend),Apex Info Serve Private Limited,"I R C Village, Bhubaneswar, Orissa","SEO Support Trainee (3-Month Training – With Stipend)
New
Hiring multiple candidates
Apex Info Serve Private Limited
I R C Village, Bhubaneswar, Orissa
From ₹5,000 a month
Full-time
Easily apply",[],FALSE,0,indeed_scraped,2025-10-30T08:59:27.902100,30-10-2025
b99834bc19bbad24580b3adfa04fb947,,,,No description available,[],FALSE,0,indeed_scraped,2025-10-30T08:59:28.002542,30-10-2025
c4b941368f807b77aa3582d14fd15ba5,Sales & Marketing Officer Trainee,YCP Infratech India Private Limited,"Kochi, Kerala","Sales & Marketing Officer Trainee
YCP Infratech India Private Limited
Kochi, Kerala
₹20,000 a month
Part-time
+3
Easily apply",[],FALSE,0,indeed_scraped,2025-10-30T08:59:28.110759,30-10-2025
c554c3287f5b2eae2dfa173cbc67cbe7,Management Trainee - Business Development,Ken Research Private Limited,"Sohna, Gurugram, Haryana","Management Trainee - Business Development
Ken Research Private Limited
Sohna, Gurugram, Haryana
₹23,000 a month
Full-time
+1
Easily apply",[],FALSE,0,indeed_scraped,2025-10-30T08:59:28.218042,30-10-2025
7a9b166af9d88e9366320f6b881534b2,Talent Acquisition Trainee,Avenoir Technologies,"Raipur, Chhattisgarh","Talent Acquisition Trainee
Avenoir Technologies
Raipur, Chhattisgarh
Up to ₹2,40,000 a year
Full-time
Paid sick time
Provident Fund
Work from home
Easily apply",[],FALSE,0,indeed_scraped,2025-10-30T08:59:28.334643,30-10-2025
5f132bb642e4909853b0a42b496d0148,PHP Trainee,Jeronone Technologies,"Mohali, Punjab","PHP Trainee
Jeronone Technologies
Mohali, Punjab
₹10,000 - ₹15,000 a month
Full-time
+2
Easily apply",[],FALSE,0,indeed_scraped,2025-10-30T08:59:28.444523,30-10-2025
89950cce0601a879bc02bfcc1386f05a,Internship Program,Rx Automation,"Indira Nagar , Lucknow, Uttar Pradesh","Internship Program
Rx Automation
Indira Nagar , Lucknow, Uttar Pradesh
₹6,000 - ₹10,000 a month
Full-time
+2
Easily apply",[],FALSE,0,indeed_scraped,2025-10-30T08:59:28.558653,30-10-2025
864405b54263d5c43c724e6b74569ae3,Management Trainee,SEOAK INNOVATIONS,"Madhapur, Hyderabad, Telangana","Management Trainee
SEOAK INNOVATIONS
Madhapur, Hyderabad, Telangana
₹4,00,000 - ₹6,00,000 a year
Full-time
+2
Health insurance
Paid sick time
Cell phone reimbursement",[],FALSE,0,indeed_scraped,2025-10-30T09:01:42.505334,30-10-2025
ce03c61d4981c4af9a9cb7c99d0613f6,"Hiring Freshers for Marketing and Management Trainee (Thane, Mumbai)",EROS Inc.,"Thane, Maharashtra","Hiring Freshers for Marketing and Management Trainee (Thane, Mumbai)
EROS Inc.
Thane, Maharashtra
₹20,000 - ₹30,000 a month
Full-time
+5
Health insurance
Provident Fund",[],FALSE,0,indeed_scraped,2025-10-30T09:01:42.614748,30-10-2025
8ff94e1dc794098caf1da38001c1c92b,Uniqlo Internship,UNIQLO Retail Stores,"Mumbai, Maharashtra","Uniqlo Internship
UNIQLO Retail Stores
Mumbai, Maharashtra
From ₹17,000 a month
Full-time
Rotational shift",[],FALSE,0,indeed_scraped,2025-10-30T09:01:42.813393,30-10-2025
0cd7b11e1a51dd160d00dc747664ec6f,Corporate Development Associate Trainee,Harvinn Technologies,"Madhapur, Hyderabad, Telangana","Corporate Development Associate Trainee
Harvinn Technologies
Madhapur, Hyderabad, Telangana
₹2,40,000 - ₹4,00,000 a year
Full-time
+1",[],FALSE,0,indeed_scraped,2025-10-30T09:01:42.973333,30-10-2025
304d612cbfabb747d362691b2c928aab,Business Development Trainee,SEOAK INNOVATIONS,"Madhapur, Hyderabad, Telangana","Business Development Trainee
SEOAK INNOVATIONS
Madhapur, Hyderabad, Telangana
₹4,00,000 - ₹6,00,000 a year
Full-time
+2
Health insurance
Paid sick time
Cell phone reimbursement",[],FALSE,0,indeed_scraped,2025-10-30T09:01:43.109755,30-10-2025
6f6baa770b1df2ef81b3e9d01c7c9443,SEO Trainee,MedClap Private Limited,"Mohali, Punjab","SEO Trainee
MedClap Private Limited
Mohali, Punjab
₹10,000 - ₹12,000 a month
Full-time
+2
Paid time off
Paid sick time
Leave encashment",[],FALSE,0,indeed_scraped,2025-10-30T09:01:43.331003,30-10-2025
2aa6e2c2534a6df26ac52d12b44f1ef4,Business Development Trainee,Harvinn Technologies,"Madhapur, Hyderabad, Telangana","Business Development Trainee
Harvinn Technologies
Madhapur, Hyderabad, Telangana
₹2,40,000 - ₹4,00,000 a year
Full-time
+2
Cell phone reimbursement",[],FALSE,0,indeed_scraped,2025-10-30T09:01:43.439063,30-10-2025
2ecea88f99d4a05f160d7f9808120a0a,Management Trainee,XYLEM LEARNING PRIVATE LIMITED,"Ernakulam H.O, Kochi, Kerala","Management Trainee
XYLEM LEARNING PRIVATE LIMITED
Ernakulam H.O, Kochi, Kerala
₹9,650 a month
Internship
+1",[],FALSE,0,indeed_scraped,2025-10-30T09:01:43.605161,30-10-2025
b99834bc19bbad24580b3adfa04fb947,,,,No description available,[],FALSE,0,indeed_scraped,2025-10-30T09:01:43.742089,30-10-2025
9cae7a6c3ff42c9b4e5f09cef4036c66,SEO Support Trainee (3-Month Training – With Stipend),Apex Info Serve Private Limited,"I R C Village, Bhubaneswar, Orissa","SEO Support Trainee (3-Month Training – With Stipend)
New
Hiring multiple candidates
Apex Info Serve Private Limited
I R C Village, Bhubaneswar, Orissa
From ₹5,000 a month
Full-time",[],FALSE,0,indeed_scraped,2025-10-30T09:01:43.861546,30-10-2025
353fe1dad8eacb995bf8b718eab78521,Management Trainee - Presales,Levelup For Women,"Gurugram, Haryana","Management Trainee - Presales
Levelup For Women
Gurugram, Haryana
₹22,000 - ₹25,000 a month
Full-time
+2
Paid sick time
Work from home",[],FALSE,0,indeed_scraped,2025-10-30T09:01:43.982371,30-10-2025
c4b941368f807b77aa3582d14fd15ba5,Sales & Marketing Officer Trainee,YCP Infratech India Private Limited,"Kochi, Kerala","Sales & Marketing Officer Trainee
YCP Infratech India Private Limited
Kochi, Kerala
₹20,000 a month
Part-time
+3",[],FALSE,0,indeed_scraped,2025-10-30T09:01:44.096506,30-10-2025
c554c3287f5b2eae2dfa173cbc67cbe7,Management Trainee - Business Development,Ken Research Private Limited,"Sohna, Gurugram, Haryana","Management Trainee - Business Development
Ken Research Private Limited
Sohna, Gurugram, Haryana
₹23,000 a month
Full-time
+1",[],FALSE,0,indeed_scraped,2025-10-30T09:01:44.211557,30-10-2025
7a9b166af9d88e9366320f6b881534b2,Talent Acquisition Trainee,Avenoir Technologies,"Raipur, Chhattisgarh","Talent Acquisition Trainee
Avenoir Technologies
Raipur, Chhattisgarh
Up to ₹2,40,000 a year
Full-time
Paid sick time
Provident Fund
Work from home",[],FALSE,0,indeed_scraped,2025-10-30T09:01:44.348497,30-10-2025
5f132bb642e4909853b0a42b496d0148,PHP Trainee,Jeronone Technologies,"Mohali, Punjab","PHP Trainee
Jeronone Technologies
Mohali, Punjab
₹10,000 - ₹15,000 a month
Full-time
+2",[],FALSE,0,indeed_scraped,2025-10-30T09:01:44.459332,30-10-2025
89950cce0601a879bc02bfcc1386f05a,Internship Program,Rx Automation,"Indira Nagar , Lucknow, Uttar Pradesh","Internship Program
Rx Automation
Indira Nagar , Lucknow, Uttar Pradesh
₹6,000 - ₹10,000 a month
Full-time
+2",[],FALSE,0,indeed_scraped,2025-10-30T09:01:44.601524,30-10-2025
864405b54263d5c43c724e6b74569ae3,Management Trainee,SEOAK INNOVATIONS,"Madhapur, Hyderabad, Telangana","Management Trainee
SEOAK INNOVATIONS
Madhapur, Hyderabad, Telangana
₹4,00,000 - ₹6,00,000 a year
Full-time
+2
Health insurance
Paid sick time
Cell phone reimbursement
Easily apply",[],FALSE,0,indeed_scraped,2025-10-30T09:08:57.433722,30-10-2025
ce03c61d4981c4af9a9cb7c99d0613f6,"Hiring Freshers for Marketing and Management Trainee (Thane, Mumbai)",EROS Inc.,"Thane, Maharashtra","Hiring Freshers for Marketing and Management Trainee (Thane, Mumbai)
EROS Inc.
Thane, Maharashtra
₹20,000 - ₹30,000 a month
Full-time
+5
Health insurance
Provident Fund
Easily apply",[],FALSE,0,indeed_scraped,2025-10-30T09:08:57.537631,30-10-2025
8ff94e1dc794098caf1da38001c1c92b,Uniqlo Internship,UNIQLO Retail Stores,"Mumbai, Maharashtra","Uniqlo Internship
UNIQLO Retail Stores
Mumbai, Maharashtra
From ₹17,000 a month
Full-time
Rotational shift
Easily apply",[],FALSE,0,indeed_scraped,2025-10-30T09:08:57.642065,30-10-2025
0cd7b11e1a51dd160d00dc747664ec6f,Corporate Development Associate Trainee,Harvinn Technologies,"Madhapur, Hyderabad, Telangana","Corporate Development Associate Trainee
Harvinn Technologies
Madhapur, Hyderabad, Telangana
₹2,40,000 - ₹4,00,000 a year
Full-time
+1
Easily apply",[],FALSE,0,indeed_scraped,2025-10-30T09:08:57.759793,30-10-2025
304d612cbfabb747d362691b2c928aab,Business Development Trainee,SEOAK INNOVATIONS,"Madhapur, Hyderabad, Telangana","Business Development Trainee
SEOAK INNOVATIONS
Madhapur, Hyderabad, Telangana
₹4,00,000 - ₹6,00,000 a year
Full-time
+2
Health insurance
Paid sick time
Cell phone reimbursement
Easily apply",[],FALSE,0,indeed_scraped,2025-10-30T09:08:57.868947,30-10-2025
6f6baa770b1df2ef81b3e9d01c7c9443,SEO Trainee,MedClap Private Limited,"Mohali, Punjab","SEO Trainee
MedClap Private Limited
Mohali, Punjab
₹10,000 - ₹12,000 a month
Full-time
+2
Paid time off
Paid sick time
Leave encashment
Easily apply",[],FALSE,0,indeed_scraped,2025-10-30T09:08:58.002563,30-10-2025
2aa6e2c2534a6df26ac52d12b44f1ef4,Business Development Trainee,Harvinn Technologies,"Madhapur, Hyderabad, Telangana","Business Development Trainee
Harvinn Technologies
Madhapur, Hyderabad, Telangana
₹2,40,000 - ₹4,00,000 a year
Full-time
+2
Cell phone reimbursement
Easily apply",[],FALSE,0,indeed_scraped,2025-10-30T09:08:58.108923,30-10-2025
2ecea88f99d4a05f160d7f9808120a0a,Management Trainee,XYLEM LEARNING PRIVATE LIMITED,"Ernakulam H.O, Kochi, Kerala","Management Trainee
XYLEM LEARNING PRIVATE LIMITED
Ernakulam H.O, Kochi, Kerala
₹9,650 a month
Internship
+1
Easily apply",[],FALSE,0,indeed_scraped,2025-10-30T09:08:58.209958,30-10-2025
b99834bc19bbad24580b3adfa04fb947,,,,No description available,[],FALSE,0,indeed_scraped,2025-10-30T09:08:58.304905,30-10-2025
9cae7a6c3ff42c9b4e5f09cef4036c66,SEO Support Trainee (3-Month Training – With Stipend),Apex Info Serve Private Limited,"I R C Village, Bhubaneswar, Orissa","SEO Support Trainee (3-Month Training – With Stipend)
New
Hiring multiple candidates
Apex Info Serve Private Limited
I R C Village, Bhubaneswar, Orissa
From ₹5,000 a month
Full-time
Easily apply",[],FALSE,0,indeed_scraped,2025-10-30T09:08:58.401273,30-10-2025
353fe1dad8eacb995bf8b718eab78521,Management Trainee - Presales,Levelup For Women,"Gurugram, Haryana","Management Trainee - Presales
Levelup For Women
Gurugram, Haryana
₹22,000 - ₹25,000 a month
Full-time
+2
Paid sick time
Work from home
Easily apply",[],FALSE,0,indeed_scraped,2025-10-30T09:08:58.526386,30-10-2025
c4b941368f807b77aa3582d14fd15ba5,Sales & Marketing Officer Trainee,YCP Infratech India Private Limited,"Kochi, Kerala","Sales & Marketing Officer Trainee
YCP Infratech India Private Limited
Kochi, Kerala
₹20,000 a month
Part-time
+3
Easily apply",[],FALSE,0,indeed_scraped,2025-10-30T09:08:58.636513,30-10-2025
c554c3287f5b2eae2dfa173cbc67cbe7,Management Trainee - Business Development,Ken Research Private Limited,"Sohna, Gurugram, Haryana","Management Trainee - Business Development
Ken Research Private Limited
Sohna, Gurugram, Haryana
₹23,000 a month
Full-time
+1
Easily apply",[],FALSE,0,indeed_scraped,2025-10-30T09:08:58.737831,30-10-2025
7a9b166af9d88e9366320f6b881534b2,Talent Acquisition Trainee,Avenoir Technologies,"Raipur, Chhattisgarh","Talent Acquisition Trainee
Avenoir Technologies
Raipur, Chhattisgarh
Up to ₹2,40,000 a year
Full-time
Paid sick time
Provident Fund
Work from home
Easily apply",[],FALSE,0,indeed_scraped,2025-10-30T09:08:58.856514,30-10-2025
5f132bb642e4909853b0a42b496d0148,PHP Trainee,Jeronone Technologies,"Mohali, Punjab","PHP Trainee
Jeronone Technologies
Mohali, Punjab
₹10,000 - ₹15,000 a month
Full-time
+2
Easily apply",[],FALSE,0,indeed_scraped,2025-10-30T09:08:58.961453,30-10-2025
89950cce0601a879bc02bfcc1386f05a,Internship Program,Rx Automation,"Indira Nagar , Lucknow, Uttar Pradesh","Internship Program
Rx Automation
Indira Nagar , Lucknow, Uttar Pradesh
₹6,000 - ₹10,000 a month
Full-time
+2
Easily apply",[],FALSE,0,indeed_scraped,2025-10-30T09:08:59.075751,30-10-2025
6fe0ae0babaf1d0c3c906a874fe0b723,E-Commerce Executive - Trainee,SRC CREATIONZ,"Kondotti, Kerala","E-Commerce Executive - Trainee
SRC CREATIONZ
Kondotti, Kerala
Full-time
+1
Cell phone reimbursement
Internet reimbursement
Easily apply",[],FALSE,0,indeed_scraped,2025-10-30T09:10:07.381368,30-10-2025
9064c04d5c1b7e5a7e98fa4e2394194e,Marketing Trainee,Triedge Solutions,"Bhubaneswar Secretariate, Bhubaneswar, Orissa","Marketing Trainee
Triedge Solutions
Bhubaneswar Secretariate, Bhubaneswar, Orissa
₹8,000 - ₹12,000 a month
Full-time
+1
Health insurance
Easily apply",[],FALSE,0,indeed_scraped,2025-10-30T09:10:07.688500,30-10-2025
eec9e1f6c8312ed7db9e1e95d9e59797,HR Trainee,Samms tech,"Ambattur, Chennai, Tamil Nadu","HR Trainee
Samms tech
Ambattur, Chennai, Tamil Nadu
₹9,000 - ₹10,000 a month
Full-time
+2",[],FALSE,0,indeed_scraped,2025-10-30T09:26:18.940552,30-10-2025
a5c653fe2d3529513faafbdfdcb81c77,Sales Intern,Triedge Solutions,"Ahmedabad G.P.O., Ahmedabad, Gujarat","Sales Intern
Triedge Solutions
Ahmedabad G.P.O., Ahmedabad, Gujarat
₹8,000 - ₹12,000 a month
Full-time
+2
Health insurance",[],FALSE,0,indeed_scraped,2025-10-30T09:27:26.799119,30-10-2025
0044fdf59b2507ce96cfccbcce0e40a7,Data Analyst Trainee,CAMERINFOLKS PVT.LTD,"Kakkanad, Kochi, Kerala","Data Analyst Trainee
CAMERINFOLKS PVT.LTD
Kakkanad, Kochi, Kerala
₹10,000 - ₹15,000 a month
Full-time
+2
Easily apply",[],FALSE,0,indeed_scraped,2025-10-31T19:36:38.632976,31-10-2025
419158ef8ff3b0f67576060361a9bf77,HR Trainee,myG Digital hub,"Calicut, Kerala","HR Trainee
myG Digital hub
Calicut, Kerala
₹5,000 - ₹10,000 a month
Full-time
+2
Easily apply",[],FALSE,0,indeed_scraped,2025-10-31T19:36:38.886167,31-10-2025
5f413d52745d9b102577b5c147e3cbc6,Accounts Trainee – Payroll & Compliance,Day Mart Group,"Nadakavu, Calicut, Kerala","Accounts Trainee – Payroll & Compliance
Day Mart Group
Nadakavu, Calicut, Kerala
₹60,000 - ₹96,000 a year
Full-time
Easily apply",[],FALSE,0,indeed_scraped,2025-10-31T19:36:39.011421,31-10-2025
928fb3f2b13304e21852185c7e6c7dda,HR Executive Trainee,Brain Star Technologies,"Nehru Place, Delhi, Delhi","HR Executive Trainee
Brain Star Technologies
Nehru Place, Delhi, Delhi
Typically responds within 2 days
₹10,000 a month
Internship
+1
Easily apply",[],FALSE,0,indeed_scraped,2025-10-31T19:36:39.130107,31-10-2025
c4f99233c442571b7a367881ce29b164,Sales Executive / Business Development Manager (Trainee),REALKEEPER TECHNOLOGIES PRIVATE LIMITED,"Kirari Suleman Nagar, Delhi, Delhi","Sales Executive / Business Development Manager (Trainee)
REALKEEPER TECHNOLOGIES PRIVATE LIMITED
Kirari Suleman Nagar, Delhi, Delhi
₹12,000 - ₹24,000 a month
Full-time
+4
Flexible schedule
Easily apply",[],FALSE,0,indeed_scraped,2025-10-31T19:36:39.240653,31-10-2025
fa03235697997e06b11d1546c8376489,Front-End Development Trainee,Planck Epoch Institute of Professional Studies,"Nellicode, Calicut, Kerala","Front-End Development Trainee
Planck Epoch Institute of Professional Studies
Nellicode, Calicut, Kerala
Internship
Day shift
Easily apply",[],FALSE,0,indeed_scraped,2025-10-31T19:36:39.350855,31-10-2025
873f605324a1807c91735fa56e5f2d64,Management Trainee,higher india,"Dehradun, Uttarakhand","Management Trainee
higher india
Dehradun, Uttarakhand
From ₹10,000 a month
Full-time
+2
Easily apply",[],FALSE,0,indeed_scraped,2025-10-31T19:36:39.455345,31-10-2025
838fd542d9d0f3c2ea512a4752f17758,Quality Trainee,SURSANTOSH ENTERPRISES,"Panchkula, Haryana","Quality Trainee
SURSANTOSH ENTERPRISES
Panchkula, Haryana
₹12,000 - ₹17,000 a month
Full-time
+2
Easily apply",[],FALSE,0,indeed_scraped,2025-10-31T19:36:39.605705,31-10-2025
53a96e5d2b2dac91ea04a55c42ba5ec8,Recruitment Trainee,Bonace Engineers Private Limited,"Wagle Estate, Thane, Maharashtra","Recruitment Trainee
Bonace Engineers Private Limited
Wagle Estate, Thane, Maharashtra
₹18,000 - ₹20,000 a month
Full-time
+3
Commuter assistance
Provident Fund
Easily apply",[],FALSE,0,indeed_scraped,2025-10-31T19:36:39.720761,31-10-2025
f2cdaf55fb2e1169fd7426abe9f9c80d,Diploma Engineer Trainee [ECE / EE / EEE] R&D Department,STATCON ELECTRONICS INDIA Ltd,"Noida Sector 62, Noida, Uttar Pradesh","Diploma Engineer Trainee [ECE / EE / EEE] R&D Department
STATCON ELECTRONICS INDIA Ltd
Noida Sector 62, Noida, Uttar Pradesh
Internship
Easily apply",[],FALSE,0,indeed_scraped,2025-10-31T19:36:39.829758,31-10-2025
24c5311564f7a8693f2ef6e3e0833cf4,Hiring Fresher/Trainee (SEO/PPC/BD),Netsterz Infotech Pvt Ltd,"Mohali, Punjab","Hiring Fresher/Trainee (SEO/PPC/BD)
Netsterz Infotech Pvt Ltd
Mohali, Punjab
₹8,000 - ₹10,000 a month
Full-time
+3
Paid time off
Easily apply",[],FALSE,0,indeed_scraped,2025-10-31T19:36:39.948017,31-10-2025
9f30bacf4b24ce09943b126345a2a41c,Database Administration Trainee,Planck Epoch Institute of Professional Studies,"Nellicode, Calicut, Kerala","Database Administration Trainee
Planck Epoch Institute of Professional Studies
Nellicode, Calicut, Kerala
Internship
Day shift
Easily apply",[],FALSE,0,indeed_scraped,2025-10-31T19:36:40.066282,31-10-2025
39194f8c3b89f70bdc9742c838b2ce3c,CMA Trainee,Bravura Packers Pvt. Ltd.,"Jaipur, Rajasthan","CMA Trainee
Bravura Packers Pvt. Ltd.
Jaipur, Rajasthan
₹5,000 - ₹12,000 a month
Full-time
+2
Paid time off
Internet reimbursement
Flexible schedule
Easily apply",[],FALSE,0,indeed_scraped,2025-10-31T19:36:40.250020,31-10-2025
ca652d5f8610023e5b32edeb28a601a3,Graduate Engineering Trainee (GET),SHK INDUSTRIES,"Kannampalayam, Coimbatore, Tamil Nadu","Graduate Engineering Trainee (GET)
SHK INDUSTRIES
Kannampalayam, Coimbatore, Tamil Nadu
From ₹14,500 a month
Full-time
+3
Day shift
+2
Cell phone reimbursement
Provident Fund
Easily apply",[],FALSE,0,indeed_scraped,2025-10-31T19:50:05.061994,31-10-2025
8563c664ac429e0606242d8b328d44f2,Digital Marketing Intern,Intel Market Research,"Kharadi, Pune, Maharashtra","Digital Marketing Intern
Intel Market Research
Kharadi, Pune, Maharashtra
₹5,000 a month
Full-time
+3
Paid time off
Paid sick time
Leave encashment
Easily apply",[],FALSE,0,indeed_scraped,2025-10-31T20:28:53.131304,31-10-2025
b48fb5fd8b10a39a15626a11af82f6ed,AET - ERP,Dynepro Private Limited,"Tiruchchirappalli, Tamil Nadu","AET - ERP
Dynepro Private Limited
Tiruchchirappalli, Tamil Nadu
From ₹15,500 a month
Fresher
Easily apply",[],FALSE,0,indeed_scraped,2025-11-02T16:41:22.155431,02-11-2025
fdba75ba901a6f6588136d43e5076351,Trainee / Interns - Freshers,Qaroo Learnings India Pvt. Ltd.,"Coimbatore, Tamil Nadu","Trainee / Interns - Freshers
Qaroo Learnings India Pvt. Ltd.
Coimbatore, Tamil Nadu
₹8,086.00 - ₹32,527.29 a month
Full-time
+2
Easily apply",[],FALSE,0,indeed_scraped,2025-11-02T16:41:22.275677,02-11-2025
67ba6bc8b8a77c9669c5049f8f48816f,Inside Sales Trainee,Seoak Innovations,"Madhapur, Hyderabad, Telangana","Inside Sales Trainee
Seoak Innovations
Madhapur, Hyderabad, Telangana
₹4,00,000 - ₹6,00,000 a year
Full-time
+2
Paid time off
Paid sick time
Cell phone reimbursement
Easily apply",[],FALSE,0,indeed_scraped,2025-11-02T16:41:22.481326,02-11-2025
3eb94a40f4de95811c44d301574112ac,Company Secretary Trainee,Singh Dadhichi & Co.,"Marine Lines, Mumbai, Maharashtra","Company Secretary Trainee
Singh Dadhichi & Co.
Marine Lines, Mumbai, Maharashtra
From ₹8,000 a month
Full-time
+3
Easily apply",[],FALSE,0,indeed_scraped,2025-11-02T16:41:22.639243,02-11-2025
97ac5538e983e0bbab1f39b559e599f7,Office & Operations Executive,Sumant Innovations Private Limited,"Chandpole Bazar, Jaipur, Rajasthan","Office & Operations Executive
Sumant Innovations Private Limited
Chandpole Bazar, Jaipur, Rajasthan
₹8,000 a month
Full-time
Easily apply",[],FALSE,0,indeed_scraped,2025-11-02T16:41:22.747263,02-11-2025
a5d52b5c6bce39bb7c19f6e455322658,Telecalling Trainee (Internship),Moople Institute of Animation & Design,"New Alipore, Kolkata, West Bengal","Telecalling Trainee (Internship)
Moople Institute of Animation & Design
New Alipore, Kolkata, West Bengal
₹5,000 - ₹10,000 a month
Permanent
+1
Cell phone reimbursement
Easily apply",[],FALSE,0,indeed_scraped,2025-11-02T16:41:22.917492,02-11-2025
49f82d04c8291316d9eda967d2a318b2,Accounting Intern,INTAX SOLUTIONS,"Kizhake Chalakudi, Kerala","Accounting Intern
INTAX SOLUTIONS
Kizhake Chalakudi, Kerala
Fresher
Monday to Friday
Easily apply",[],FALSE,0,indeed_scraped,2025-11-02T16:41:23.029310,02-11-2025
e97622f8bb38daa5275c313df9b0e7bb,Marketing Trainee,Innovative Incentives Rewards Pvt. Ltd,"Mohali, Punjab","Marketing Trainee
Innovative Incentives Rewards Pvt. Ltd
Mohali, Punjab
₹15,000 - ₹25,000 a month
Full-time
Flexible schedule
Easily apply",[],FALSE,0,indeed_scraped,2025-11-02T16:41:23.145312,02-11-2025
82fc7d036f2dade090c5fdc7fcf2fd0f,MEP Design Trainee,AWA Teknik PVT. LTD.,"Palarivattom, Kochi, Kerala","MEP Design Trainee
AWA Teknik PVT. LTD.
Palarivattom, Kochi, Kerala
Full-time
+2
Leave encashment
Easily apply",[],FALSE,0,indeed_scraped,2025-11-02T16:41:23.255020,02-11-2025
c99aad34b7d91dfaf6b38337e635b511,Network Trainee,Mobile Programming India Pvt Ltd,"Navi Mumbai, Maharashtra","Network Trainee
Mobile Programming India Pvt Ltd
Navi Mumbai, Maharashtra
₹15,000 - ₹40,000 a month
Easily apply",[],False,0,indeed_scraped,2025-11-08T14:59:15.890405,2025-11-08
b646f3f045a03f1f352fcde3acc50f0a,Software Engineer Trainee / QA Trainee (On-site Internship – Infopark),VORTEXEN DYNAMICS INDUSTRIAL SOLUTIONS - SOLE...,"Kochi, Kerala","Software Engineer Trainee / QA Trainee (On-site Internship – Infopark)
VORTEXEN DYNAMICS INDUSTRIAL SOLUTIONS - SOLE...
Kochi, Kerala
₹4,500 - ₹5,000 a month
Full-time
+1
Easily apply",[],False,0,indeed_scraped,2025-11-08T14:59:16.031217,2025-11-08
7b038b6bfd99b7244ed78e4ecda9d003,F26 CA Industrial Trainee,General Mills,"Hybrid work in Powai, Mumbai, Maharashtra","F26 CA Industrial Trainee
General Mills
Hybrid work in Powai, Mumbai, Maharashtra
Typically responds within 1 day
Internship
+1",[],False,0,indeed_scraped,2025-11-08T14:59:16.192910,2025-11-08
e52c9945a4f31fdeec4a81cd7c54b3da,Management Trainee,EROS Inc.,"Thane, Maharashtra","Management Trainee
EROS Inc.
Thane, Maharashtra
₹25,000 - ₹30,000 a month
Full-time
+3
Easily apply",[],False,0,indeed_scraped,2025-11-08T14:59:16.371328,2025-11-08
1dd7a0eef74f587d62767eb89739eb7e,Article Trainee | Delhi or Bangalore,Vikas Kochhar and Associates,"Bengaluru, Karnataka","Article Trainee | Delhi or Bangalore
Vikas Kochhar and Associates
Bengaluru, Karnataka
₹90,000 - ₹1,02,000 a year
Full-time
+3
Easily apply",[],False,0,indeed_scraped,2025-11-08T14:59:16.508664,2025-11-08
dddd52c06724d24c8194b15a723e35fb,Accounts trainee,DRIEHOEK CAREER,"Palakkad District, Kerala","Accounts trainee
DRIEHOEK CAREER
Palakkad District, Kerala
₹8,673.59 - ₹12,126.00 a month
Full-time
+3
Health insurance
Paid time off
Paid sick time
Cell phone reimbursement
Easily apply",[],False,0,indeed_scraped,2025-11-08T14:59:16.717376,2025-11-08
a02337c32acf4cb4ded86053b10b1c10,Intern,GFuture Tech pvt ltd,"Ahmedabad, Gujarat","Intern
GFuture Tech pvt ltd
Ahmedabad, Gujarat
Internship
+1
Easily apply",[],False,0,indeed_scraped,2025-11-08T14:59:16.833301,2025-11-08
0f3f865b552ee16ef0f3d169a291491f,Quality and Documentation Intern,Training and Educational Centre For Hearing...,"Sion, Mumbai, Maharashtra","Quality and Documentation Intern
Training and Educational Centre For Hearing...
Sion, Mumbai, Maharashtra
₹15,000 - ₹20,000 a month
Full-time
+2
Easily apply",[],False,0,indeed_scraped,2025-11-08T14:59:16.952106,2025-11-08
b1633e305d96011fe96a63c869b409cc,Marketing Trainee,Mobile Programming India Pvt Ltd,"Gurugram, Haryana","Marketing Trainee
Mobile Programming India Pvt Ltd
Gurugram, Haryana
Full-time
+1
Easily apply",[],False,0,indeed_scraped,2025-11-08T14:59:17.073249,2025-11-08
ec4b6e3c721d9b72d3c65219b8c6d6d3,Associate Engineer Trainee,Dynepro Private Limited,"Tiruchchirappalli, Tamil Nadu","Associate Engineer Trainee
Dynepro Private Limited
Tiruchchirappalli, Tamil Nadu
Up to ₹15,500 a month
Full-time
Easily apply",[],False,0,indeed_scraped,2025-11-08T14:59:17.187717,2025-11-08
e72ebe748614c12b0d2d311610970535,Support Executive (Female),Employment express verband LLP,"Noida Sector 62, Noida, Uttar Pradesh","Support Executive (Female)
Employment express verband LLP
Noida Sector 62, Noida, Uttar Pradesh
From ₹3,60,000 a year
Full-time
+2
Health insurance
Paid time off
Paid sick time
Provident Fund
Easily apply",[],False,0,indeed_scraped,2025-11-08T14:59:17.322669,2025-11-08
2642eac20512aa323dbac55871a7d311,HR Intern _ HR Freshers,Symphony Tech Solutions,"Mumbai, Maharashtra","HR Intern _ HR Freshers
Symphony Tech Solutions
Mumbai, Maharashtra
₹10,000 - ₹17,000 a month
Full-time
+2
Cell phone reimbursement
Provident Fund
Easily apply",[],False,0,indeed_scraped,2025-11-08T14:59:17.463073,2025-11-08
ecbb1141347122b708c542b5749254ce,Mechanical Engineer Trainee,TOOL TECH,"Coimbatore, Tamil Nadu","Mechanical Engineer Trainee
TOOL TECH
Coimbatore, Tamil Nadu
₹9,000 a month
Full-time
+3
Easily apply",[],False,0,indeed_scraped,2025-11-08T14:59:17.595437,2025-11-08
d74f580ed7484549f331ed595e9f6015,Digital Marketing Trainee,Intel Market Research,"Kharadi, Pune, Maharashtra","Digital Marketing Trainee
Intel Market Research
Kharadi, Pune, Maharashtra
₹5,000 a month
Full-time
+2
Paid time off
Paid sick time
Leave encashment
Easily apply",[],False,0,indeed_scraped,2025-11-08T14:59:17.721498,2025-11-08
630afd9dc8aa59666b27874ee04d2688,PR Trainee,Web CRS Travel Technologies Pvt Ltd,"Ernakulam High Court, Kochi, Kerala","PR Trainee
Web CRS Travel Technologies Pvt Ltd
Ernakulam High Court, Kochi, Kerala
₹10,000 - ₹13,000 a month
Full-time
+3
Health insurance
Paid time off
Paid sick time
Cell phone reimbursement
Easily apply",[],False,0,indeed_scraped,2025-11-08T14:59:17.854134,2025-11-08
9b7fa5f65ca2ddc8cc8890a1473d1c54,React JS Trainee ( Internship),Coderwing,"Indore, Madhya Pradesh","React JS Trainee ( Internship)
Coderwing
Indore, Madhya Pradesh
₹7,000 - ₹9,000 a month
Part-time
+2
Easily apply",[],False,0,indeed_scraped,2025-11-11T18:30:19.888411,2025-11-11
46852d39039c27c9fee28a08b86d3786,Flutter Developer Intern,Scale-UP Business,Remote,"Flutter Developer Intern
Scale-UP Business
Remote
Typically responds within 1 day
Internship
+1
Cell phone reimbursement
Work from home
Easily apply",[],False,0,indeed_scraped,2025-11-11T18:30:20.081329,2025-11-11
5e25e6403047c1cfd0e34d4f03c555cd,2D Animator -trainee /intern,"GUVI Geek Networks, IITM Research Park",Remote,"2D Animator -trainee /intern
GUVI Geek Networks, IITM Research Park
Remote
₹10,000 - ₹15,000 a month
Internship
+1
Work from home
Easily apply",[],False,0,indeed_scraped,2025-11-11T18:30:20.331727,2025-11-11
d288af369e3101da7cb9a22d5078c5aa,Management Trainee Intern,Adzealous Media Pvt Ltd,"Noida, Uttar Pradesh","Management Trainee Intern
Adzealous Media Pvt Ltd
Noida, Uttar Pradesh
₹15,000 - ₹20,000 a month
Full-time
+2
Easily apply",[],False,0,indeed_scraped,2025-11-11T18:30:20.452397,2025-11-11
dfe348ab926949191e3911b30c9f2c41,Management Trainee Intern,Kirpal Travels,"Delhi, Delhi","Management Trainee Intern
Kirpal Travels
Delhi, Delhi
₹7,000 - ₹10,000 a month
Internship
+1
Easily apply",[],False,0,indeed_scraped,2025-11-11T18:30:20.567543,2025-11-11
32f91a5771996d9e077fb774b79c6b30,Account Article/Trainee,Nishi Goel & Associates,"Delhi, Delhi","Account Article/Trainee
Nishi Goel & Associates
Delhi, Delhi
Full-time
+3
Easily apply",[],False,0,indeed_scraped,2025-11-11T18:30:20.684724,2025-11-11
7590304565a1934ecac73738c845cef9,Trainee Logistics Operations,Wheelson Logistics and Solutions Pvt Ltd,"Mogappair, Chennai, Tamil Nadu","Trainee Logistics Operations
Wheelson Logistics and Solutions Pvt Ltd
Mogappair, Chennai, Tamil Nadu
₹10,000 - ₹15,000 a month
Internship
+1
Cell phone reimbursement
Easily apply",[],False,0,indeed_scraped,2025-11-11T18:30:20.835686,2025-11-11
0fdb9858e411844329f6c926b9833f0b,CS Trainee,JVN & Co. LLP,"Wakad, Pune, Maharashtra","CS Trainee
JVN & Co. LLP
Wakad, Pune, Maharashtra
₹10,000 - ₹15,000 a month
Full-time
+2
Easily apply",[],False,0,indeed_scraped,2025-11-11T18:30:20.951124,2025-11-11
2df168b70167c829e9716acf976b5c5f,Accounts Trainee,Truckrr Information Services Private Limited,"Chennai, Tamil Nadu","Accounts Trainee
Truckrr Information Services Private Limited
Chennai, Tamil Nadu
₹12,000 - ₹12,001 a month
Internship
+1
Easily apply",[],False,0,indeed_scraped,2025-11-11T18:30:21.805968,2025-11-11
57a6a279853bd15f0172fb9a3ae4effa,.NET Developer Trainee,Planck Epoch Institute of Professional Studies,"Nellicode, Calicut, Kerala",".NET Developer Trainee
Planck Epoch Institute of Professional Studies
Nellicode, Calicut, Kerala
Internship
Day shift
Easily apply",[],False,0,indeed_scraped,2025-11-11T18:30:22.410226,2025-11-11
b33db0b70afbdbe5e4afcfe840ef8a1c,Solar InstallationTechnician,SUNMICRO WORLD,"Hadapsar, Pune, Maharashtra","Solar InstallationTechnician
SUNMICRO WORLD
Hadapsar, Pune, Maharashtra
₹10,825 - ₹19,906 a month
Full-time
+3
Health insurance
Cell phone reimbursement
Commuter assistance
Provident Fund
Easily apply",[],False,0,indeed_scraped,2025-11-11T18:30:22.563010,2025-11-11
c5b1e3ab55e003efd56f0429118bca42,HR Intern,Coderwing,"Indore, Madhya Pradesh","HR Intern
Coderwing
Indore, Madhya Pradesh
₹8,000 - ₹20,000 a month
Full-time
+2
Easily apply",[],False,0,indeed_scraped,2025-11-11T18:30:22.731834,2025-11-11
